int.slv.Family,int.slv.Genus,int.slv.Species,int.slv.cnf,int.slv.lws.txn,int.slv.lws.lvl,AA2 T0 ,AA2 T3 355,AA2 T3 765,AA2 T7 355,AA2 T7 765,AA3 T3 355,AA3 T3 765,AA3 T6 355,AA3 T6 765
[Eubacterium]_coprostanoligenes_group,[Eubacterium]_coprostanoligenes_group,uncultured_bacterium,0.958872773,[Eubacterium]_coprostanoligenes_group,Genus,0,0,0,0,0,0,0,0,0
Acetobacteraceae,Acetobacter,Unassigned,0.996394397,Acetobacter,Genus,0,0,0,0,0,0,0,0,0
Acetobacteraceae,Acetobacter,Unassigned,0.995735949,Acetobacter,Genus,0,0,0,0,0,0,0,0,0
Acetobacteraceae,Acetobacter,Unassigned,0.813144432,Acetobacter,Genus,0,0,0,0,0,0,0,0,0
Moraxellaceae,Acinetobacter,Unassigned,0.999999128,Acinetobacter,Genus,0,0,0,0,0,0,0,0,0
Clostridiaceae,Clostridium_sensu_stricto_1,Clostridium_butyricum,0.923780217,Clostridium_butyricum,Species,0,0,0,0,0,0.001942862,0,0,0
Clostridiaceae,Clostridium_sensu_stricto_1,Clostridium_butyricum,0.94730562,Clostridium_butyricum,Species,0,0,0,0,0,0,0,0,0
Moraxellaceae,Acinetobacter,Unassigned,0.999999898,Acinetobacter,Genus,0,0,0,0,0,0,0,0,0
Moraxellaceae,Acinetobacter,Unassigned,0.999938597,Acinetobacter,Genus,0,0,0,0,0,0,0,0,0
Moraxellaceae,Acinetobacter,Unassigned,0.999999964,Acinetobacter,Genus,0,0,0,0,0,0,0,0,0.000106259
Clostridiaceae,Clostridium_sensu_stricto_5,Clostridium_sp.,0.836074882,Clostridium_sp.,Species,0.003161135,0.123292639,0.047674658,0.04732659,0.031329719,0.27469422,0.552922153,0.422402916,0.407289342
Clostridiaceae,Clostridium_sensu_stricto_11,Clostridium_sp.,0.998626935,Clostridium_sp.,Species,0.116546044,0.361658407,0.518169953,0.407369942,0.400350765,0,0,0.02060844,0.001487621
Clostridiaceae,Clostridium_sensu_stricto_19,Clostridium_oryzae,0.889659618,Clostridium_oryzae,Species,0.006904584,0,0,0,0,0,0,0,0
Moraxellaceae,Acinetobacter,Acinetobacter_radioresistens,0.717172173,Acinetobacter_radioresistens,Species,0,0,0,0,0,0,0,0,0
Lactobacillaceae,Lactobacillus,Lactobacillus_sanfranciscensis,0.999578203,Lactobacillus_sanfranciscensis,Species,0,0,0,0,0,0,0,0,0
Lactobacillaceae,Lactobacillus,Lactobacillus_mucosae,0.994548094,Lactobacillus_mucosae,Species,0,0,0,0,0,0,0,0,0
Aeromonadaceae,Aeromonas,Unassigned,0.970847009,Aeromonas,Genus,0,0,0,0,0,0,0,0,0
Alcaligenaceae,Alcaligenes,Unassigned,0.999968593,Alcaligenes,Genus,0,0,0,0,0,0,0,0,0
Ruminococcaceae,Caproiciproducens,Ruminococcaceae_bacterium,0.750867177,Ruminococcaceae_bacterium,Species,0.009566592,0,0,0.012138728,0.002072704,0,0,0,0
Clostridiaceae,Clostridium_sensu_stricto_12,Clostridium_drakei,0.943412814,Clostridium_drakei,Species,0.04259213,0.02659253,0.011540839,0.04732659,0.047114158,0.000794807,0,0.124071218,0.122463075
Synergistaceae,Aminiphilus,uncultured_bacterium,0.778520219,Aminiphilus,Genus,0,0,0,0,0,0,0,0.000350484,0
Lachnospiraceae,Anaerocolumna,uncultured_bacterium,0.877465726,Anaerocolumna,Genus,0,0,0,0,0,0,0,0,0
Caloramatoraceae,Caloramator,Caloramator_quimbayensis,0.954241509,Caloramator_quimbayensis,Species,0.033691041,0.000725251,0,0.005491329,0.001913265,0,0,0,0.000690681
Lachnospiraceae,Anaerocolumna,uncultured_bacterium,0.817846933,Anaerocolumna,Genus,0,0,0,0,0,0,0,0,0
Streptococcaceae,Lactococcus,Lactococcus_lactis,0.736224803,Lactococcus_lactis,Species,0.328591631,0.003988879,0.000686955,0,0,0,0,0,0
Lachnospiraceae,Anaerocolumna,uncultured_bacterium,0.993873164,Anaerocolumna,Genus,0,0,0,0,0,0,0,0,0
Lachnospiraceae,Anaerosporobacter,Unassigned,0.910914866,Anaerosporobacter,Genus,0,0,0,0,0,0,0,0.018155054,0
Anaerovoracaceae,Anaerovorax,Unassigned,0.997041307,Anaerovorax,Genus,0,0,0,0,0,0,0,0,0
Anaerovoracaceae,Anaerovorax,uncultured_bacterium,0.940531088,Anaerovorax,Genus,0,0,0,0,0,0,0,0,0
Arcobacteraceae,Arcobacter,Unassigned,0.986065163,Arcobacter,Genus,0,0,0,0,0,0,0,0,0
Micrococcaceae,Arthrobacter,Unassigned,0.926289206,Arthrobacter,Genus,0,0,0,0,0,0,0,0,0
Ruminococcaceae,Caproiciproducens,Clostridium_sp.,0.998135536,Clostridium_sp.,Species,0,0,0,0,0,0,0,0,0
Atopobiaceae,Atopobium,uncultured_Olsenella,0.949399429,Atopobium,Genus,0,0,0,0,0,0,0,0,0
Bacillaceae,Bacillus,Unassigned,0.988957309,Bacillus,Genus,0,0,0,0,0,0.129067868,0.054747055,0.00729006,0.008394432
Bacillaceae,Bacillus,Unassigned,0.999620372,Bacillus,Genus,0,0,0,0,0,0,0,0,0
Bacteroidetes_vadinHA17,Bacteroidetes_vadinHA17,Unassigned,0.99999996,Bacteroidetes_vadinHA17,Genus,0,0,0,0,0,0.000883119,0.000739201,0.000490677,0
Methanobacteriaceae,Methanobacterium,Methanobacterium_formicicum,0.958061194,Methanobacterium_formicicum,Species,0,0,0,0,0,0,0,0,0
Bacteroidetes_vadinHA17,Bacteroidetes_vadinHA17,Unassigned,0.999999875,Bacteroidetes_vadinHA17,Genus,0,0,0,0,0,0.000529872,0,0,0
Bacteroidetes_vadinHA17,Bacteroidetes_vadinHA17,uncultured_bacterium,0.759456378,Bacteroidetes_vadinHA17,Genus,0,0,0,0,0,0,0,0,0
Caldicoprobacteraceae,Caldicoprobacter,uncultured_prokaryote,0.877284547,Caldicoprobacter,Genus,0,0,0,0,0,0,0,0,0
Caldicoprobacteraceae,Caldicoprobacter,uncultured_bacterium,0.996562921,Caldicoprobacter,Genus,0,0,0,0,0,0,0,0,0
Caloramatoraceae,Caloramator,Unassigned,0.729177716,Caloramator,Genus,0,0,0,0,0,0,0,0,0
Calditrichaceae,Calorithrix,uncultured_bacterium,0.999930448,Calorithrix,Genus,0,0,0,0,0,0.000264936,0,0,0.000425035
Caldatribacteriaceae,Candidatus_Caldatribacterium,Unassigned,1,Candidatus_Caldatribacterium,Genus,0.000831878,0,0,0,0,0.00207533,0.001986602,0,0
Clostridiaceae,Clostridium_sensu_stricto_12,Clostridium_algifaecis,0.992443815,Clostridium_algifaecis,Species,0,0,0,0,0,0,0,0,0
Methanofastidiosaceae,Candidatus_Methanofastidiosum,Unassigned,0.984442571,Candidatus_Methanofastidiosum,Genus,0,0,0,0,0,0.000618183,0.000646801,0,0.000318776
Clostridiaceae,Clostridium_sensu_stricto_19,Clostridium_oryzae,0.784015874,Clostridium_oryzae,Species,0,0,0,0,0,0,0,0,0
Omnitrophaceae,Candidatus_Omnitrophus,uncultured_bacterium,0.989939363,Candidatus_Omnitrophus,Genus,0,0,0,0,0,0.000132468,0,0,0
Omnitrophaceae,Candidatus_Omnitrophus,uncultured_bacterium,0.999257209,Candidatus_Omnitrophus,Genus,0,0,0,0,0,0,0,0,0
Omnitrophaceae,Candidatus_Omnitrophus,uncultured_bacterium,0.999738645,Candidatus_Omnitrophus,Genus,0,0,0,0,0,0,0,0,0
Ruminococcaceae,Caproiciproducens,Unassigned,0.999996011,Caproiciproducens,Genus,0,0,0,0.005057803,0.003268495,0,0,0,0
Clostridiaceae,Clostridium_sensu_stricto_2,Clostridium_cadaveris,0.873266098,Clostridium_cadaveris,Species,0,0,0,0,0,0,0,0,0
Ruminococcaceae,Caproiciproducens,uncultured_Clostridia,0.887089437,Caproiciproducens,Genus,0.001247816,0,0,0,0,0,0,0,0
Ruminococcaceae,Caproiciproducens,uncultured_Clostridia,0.708388327,Caproiciproducens,Genus,0,0,0,0,0,0,0,0,0
Ruminococcaceae,Caproiciproducens,uncultured_Ruminococcus,0.901629572,Caproiciproducens,Genus,0,0,0,0,0,0,0,0,0
Leuconostocaceae,Leuconostoc,Leuconostoc_mesenteroides,0.730682378,Leuconostoc_mesenteroides,Species,0,0,0,0,0,0,0,0,0
Ruminococcaceae,Caproiciproducens,uncultured_organism,0.960265798,Caproiciproducens,Genus,0.013809167,0.003988879,0.002404342,0.02232659,0.029416454,0,0,0.000911258,0.000425035
Ruminococcaceae,Caproiciproducens,Unassigned,0.999987672,Caproiciproducens,Genus,0,0,0,0,0,0,0,0,0
Ruminococcaceae,Caproiciproducens,uncultured_Clostridia,0.880264405,Caproiciproducens,Genus,0,0,0,0,0,0,0,0,0
Ruminococcaceae,Caproiciproducens,uncultured_Clostridia,0.840509023,Caproiciproducens,Genus,0,0,0,0,0,0,0,0,0
Ruminococcaceae,Caproiciproducens,uncultured_Clostridia,0.968858915,Caproiciproducens,Genus,0,0,0,0,0,0,0,0,0
Lactobacillaceae,Lactobacillus,Lactobacillus_brevis,0.950204257,Lactobacillus_brevis,Species,0,0,0,0,0,0,0,0,0
Ruminococcaceae,Caproiciproducens,uncultured_Clostridia,0.992064395,Caproiciproducens,Genus,0,0,0,0,0,0,0,0,0
Ruminococcaceae,Caproiciproducens,uncultured_Clostridia,0.981731391,Caproiciproducens,Genus,0.000915065,0,0,0.002384393,0.00127551,0,0,0,0
Ruminococcaceae,Caproiciproducens,Unassigned,0.999988493,Caproiciproducens,Genus,0.016803926,0.003868004,0,0.028106936,0.029815051,0,0,0.001191644,0
Clostridiaceae,Clostridium_sensu_stricto_5,Clostridium_sp.,0.78520585,Clostridium_sp.,Species,0,0.015713768,0,0,0,0.02349097,0.042827443,0.032945465,0.029593029
Ruminococcaceae,Caproiciproducens,Unassigned,0.991338287,Caproiciproducens,Genus,0,0,0,0,0,0,0,0,0
Ruminococcaceae,Caproiciproducens,uncultured_bacterium,0.894633859,Caproiciproducens,Genus,0,0,0,0,0,0,0,0,0
Ruminococcaceae,Caproiciproducens,uncultured_Clostridia,0.75826857,Caproiciproducens,Genus,0,0,0,0,0,0,0,0,0
Ruminococcaceae,Caproiciproducens,uncultured_Clostridia,0.999155582,Caproiciproducens,Genus,0,0,0,0,0,0,0,0,0
Ruminococcaceae,Caproiciproducens,uncultured_Ruminococcus,0.768403315,Caproiciproducens,Genus,0,0,0,0,0,0,0,0,0
Ruminococcaceae,Caproiciproducens,Unassigned,0.963421675,Caproiciproducens,Genus,0,0,0,0,0,0,0,0,0
Ruminococcaceae,Caproiciproducens,uncultured_Clostridia,0.799626594,Caproiciproducens,Genus,0,0,0,0.001517341,0.001116071,0,0,0,0
Ruminococcaceae,Caproiciproducens,Unassigned,0.851452341,Caproiciproducens,Genus,0.001830131,0,0,0.002456647,0.004942602,0,0,0,0
Ruminococcaceae,Caproiciproducens,Unassigned,0.999987992,Caproiciproducens,Genus,0,0,0,0,0,0,0,0,0
Clostridiaceae,Unassigned,Unassigned,0.999916456,Clostridiaceae,Family,0.012561351,0.001571377,0.003159992,0.015028902,0.020647321,0,0,0.001682322,0.002603337
Ruminococcaceae,Caproiciproducens,uncultured_bacterium,0.996371933,Caproiciproducens,Genus,0,0,0,0,0,0,0,0,0
Ruminococcaceae,Caproiciproducens,uncultured_bacterium,0.991773051,Caproiciproducens,Genus,0,0,0,0,0,0,0,0,0
Enterobacteriaceae,Unassigned,Unassigned,0.973721545,Enterobacteriaceae,Family,0,0,0,0,0,0,0,0,0
Ruminococcaceae,Caproiciproducens,uncultured_Clostridia,0.997264833,Caproiciproducens,Genus,0,0,0,0,0,0,0,0,0
Ruminococcaceae,Caproiciproducens,uncultured_bacterium,0.809518522,Caproiciproducens,Genus,0,0,0,0,0,0,0,0,0
Ruminococcaceae,Caproiciproducens,Unassigned,0.997201297,Caproiciproducens,Genus,0,0,0,0.001589595,0.003985969,0,0,0,0
Ruminococcaceae,Caproiciproducens,uncultured_bacterium,0.928756212,Caproiciproducens,Genus,0,0,0,0.00433526,0.002232143,0,0,0,0
Ruminococcaceae,Caproiciproducens,uncultured_bacterium,0.856700101,Caproiciproducens,Genus,0,0,0,0,0,0,0,0,0
Geobacteraceae,Unassigned,Unassigned,0.999999232,Geobacteraceae,Family,0,0,0,0,0,0.004283128,0.001108801,0.002593579,0.001062586
Ruminococcaceae,Caproiciproducens,Unassigned,0.980106757,Caproiciproducens,Genus,0,0,0,0,0,0,0,0,0
Ruminococcaceae,Caproiciproducens,uncultured_Clostridia,0.962150288,Caproiciproducens,Genus,0,0,0,0,0,0,0,0,0
Clostridiaceae,Clostridium_sensu_stricto_11,Clostridium_sp.,0.993352422,Clostridium_sp.,Species,0,0.025746404,0.034210346,0.026445087,0.021603954,0,0,0,0
Lachnospiraceae,Lachnoclostridium,Clostridium_sp.,0.938114701,Clostridium_sp.,Species,0,0,0,0,0,0,0,0.001752418,0
Ruminococcaceae,Caproiciproducens,Unassigned,0.99997777,Caproiciproducens,Genus,0,0,0,0,0,0,0,0,0
Ruminococcaceae,Caproiciproducens,uncultured_Clostridia,0.766967272,Caproiciproducens,Genus,0,0,0,0,0,0,0,0,0
Ruminococcaceae,Caproiciproducens,uncultured_Clostridia,0.707038501,Caproiciproducens,Genus,0,0,0,0,0,0,0,0,0
Leuconostocaceae,Leuconostoc,Leuconostoc_gelidum,0.808945436,Leuconostoc_gelidum,Species,0,0,0,0,0,0,0,0,0
Ruminococcaceae,Caproiciproducens,Unassigned,0.999816624,Caproiciproducens,Genus,0,0,0,0,0,0,0,0,0
Ruminococcaceae,Caproiciproducens,Unassigned,0.999984809,Caproiciproducens,Genus,0,0,0,0,0,0,0,0,0
Ruminococcaceae,Caproiciproducens,Unassigned,0.999861782,Caproiciproducens,Genus,0,0,0,0,0,0,0,0,0
Enterobacteriaceae,Unassigned,Unassigned,0.922859283,Enterobacteriaceae,Family,0.001663755,0,0,0,0,0,0,0,0
Ruminococcaceae,Caproiciproducens,Unassigned,0.999989583,Caproiciproducens,Genus,0,0,0,0,0,0,0,0,0
Clostridiaceae,Clostridium_sensu_stricto_12,Clostridium_drakei,0.917310197,Clostridium_drakei,Species,0,0,0,0,0,0,0,0.008762092,0.012751036
Oscillospiraceae,Unassigned,Unassigned,0.999978689,Oscillospiraceae,Family,0,0,0,0,0,0,0,0,0
Ruminococcaceae,Caproiciproducens,Unassigned,0.999488712,Caproiciproducens,Genus,0,0,0,0,0,0,0,0,0
Ruminococcaceae,Caproiciproducens,uncultured_bacterium,0.99340445,Caproiciproducens,Genus,0,0,0,0,0,0,0,0,0
Ruminococcaceae,Caproiciproducens,uncultured_bacterium,0.928561415,Caproiciproducens,Genus,0,0,0,0,0,0,0,0,0
Clostridiaceae,Unassigned,Unassigned,0.999999929,Clostridiaceae,Family,0,0,0,0,0,0,0,0.004416094,0
Ruminococcaceae,Caproiciproducens,uncultured_bacterium,0.723007233,Caproiciproducens,Genus,0,0,0,0,0,0,0,0,0
Ruminococcaceae,Caproiciproducens,uncultured_Clostridia,0.708218441,Caproiciproducens,Genus,0,0,0,0,0,0,0,0,0
Ruminococcaceae,Caproiciproducens,uncultured_bacterium,0.987493998,Caproiciproducens,Genus,0,0,0,0,0,0,0,0,0
uncultured,uncultured,uncultured_Smithella,0.844052758,Syntrophales,Order,0.000915065,0,0,0,0,0.001280523,0.001570802,0.002032805,0.001328233
Peptostreptococcaceae,Clostridioides,Clostridioides_difficile,0.824392566,Clostridioides_difficile,Species,0,0,0,0,0,0,0,0,0
Ruminococcaceae,Caproiciproducens,uncultured_bacterium,0.927945493,Caproiciproducens,Genus,0,0,0,0,0,0,0,0,0
Ruminococcaceae,Caproiciproducens,uncultured_bacterium,0.952338124,Caproiciproducens,Genus,0,0,0,0,0,0,0,0,0
Lactobacillaceae,Lactobacillus,Lactobacillus_mucosae,0.927471745,Lactobacillus_mucosae,Species,0,0,0,0,0,0,0,0,0
Carnobacteriaceae,Carnobacterium,Unassigned,0.997755358,Carnobacterium,Genus,0,0,0,0,0,0,0,0,0
Lachnospiraceae,Cellulosilyticum,uncultured_bacterium,0.999298718,Cellulosilyticum,Genus,0,0,0,0,0,0,0,0,0
Christensenellaceae,Christensenellaceae_R-7_group,uncultured_archaeon,0.999834011,Christensenellaceae_R-7_group,Genus,0,0,0,0,0,0.00044156,0,0.00021029,0
Weeksellaceae,Chryseobacterium,Unassigned,0.999933382,Chryseobacterium,Genus,0,0,0,0,0,0,0,0,0
Cloacimonadaceae,Cloacimonadaceae,uncultured_bacterium,0.999797777,Cloacimonadaceae,Genus,0.00074869,0,0,0,0,0.001501303,0.000508201,0.001331838,0.000637552
Cloacimonadaceae,Cloacimonadaceae,uncultured_bacterium,0.998985023,Cloacimonadaceae,Genus,0,0,0,0,0,0,0,0,0
Clostridiaceae,Clostridium_sensu_stricto_1,Unassigned,0.999906954,Clostridium_sensu_stricto_1,Genus,0.022543882,0.118820259,0.063199835,0.023699422,0.006377551,0.129332803,0.022453222,0.023692696,0.007384975
Lactobacillaceae,Lactobacillus,Lactobacillus_mucosae,0.982237175,Lactobacillus_mucosae,Species,0,0,0,0,0,0,0,0,0
Clostridiaceae,Clostridium_sensu_stricto_19,Clostridium_oryzae,0.945162022,Clostridium_oryzae,Species,0,0,0,0,0,0,0,0,0
Clostridiaceae,Clostridium_sensu_stricto_1,Unassigned,0.999829886,Clostridium_sensu_stricto_1,Genus,0,0,0,0,0,0,0,0,0
Clostridiaceae,Clostridium_sensu_stricto_1,Unassigned,0.999932527,Clostridium_sensu_stricto_1,Genus,0,0,0,0,0,0,0,0,0
Clostridiaceae,Clostridium_sensu_stricto_1,uncultured_Clostridia,0.909910235,Clostridium_sensu_stricto_1,Genus,0,0,0,0,0,0,0,0.006238609,0.017054511
Aminicenantales,Aminicenantales,Aminicenantes_bacterium,0.993448917,Aminicenantes_bacterium,Species,0,0,0,0,0,0.001898706,0.001201201,0.001261741,0.000690681
Clostridiaceae,Clostridium_sensu_stricto_1,Unassigned,0.999856871,Clostridium_sensu_stricto_1,Genus,0,0,0,0,0,0,0,0,0
Clostridiaceae,Clostridium_sensu_stricto_1,uncultured_bacterium,0.781802464,Clostridium_sensu_stricto_1,Genus,0,0,0,0,0,0,0,0,0
Clostridiaceae,Clostridium_sensu_stricto_10,uncultured_bacterium,0.784809397,Clostridium_sensu_stricto_10,Genus,0,0,0,0,0,0,0,0.004626384,0
Clostridiaceae,Clostridium_sensu_stricto_11,Unassigned,0.999928392,Clostridium_sensu_stricto_11,Genus,0.27751435,0.060800193,0.078862403,0.174710983,0.140704719,0.000750651,0,0.072269732,0.041122091
Clostridiaceae,Clostridium_sensu_stricto_11,Unassigned,0.999853097,Clostridium_sensu_stricto_11,Genus,0,0,0,0,0,0,0,0,0
Ruminococcaceae,Caproiciproducens,Clostridium_sp.,0.856347861,Clostridium_sp.,Species,0,0,0,0,0,0,0,0,0
Clostridiaceae,Clostridium_sensu_stricto_11,Unassigned,0.999736646,Clostridium_sensu_stricto_11,Genus,0.007902837,0.008340384,0,0,0.010204082,0,0,0,0.005525449
Clostridiaceae,Clostridium_sensu_stricto_11,Unassigned,0.999973331,Clostridium_sensu_stricto_11,Genus,0,0,0,0,0,0,0,0,0
Ruminococcaceae,Caproiciproducens,Ruminococcaceae_bacterium,0.833626569,Ruminococcaceae_bacterium,Species,0,0,0,0,0,0,0,0,0
Clostridiaceae,Clostridium_sensu_stricto_12,Unassigned,0.998244512,Clostridium_sensu_stricto_12,Genus,0.001996506,0,0,0,0,0,0,0,0
Clostridiaceae,Clostridium_sensu_stricto_12,Unassigned,0.847633239,Clostridium_sensu_stricto_12,Genus,0.017635804,0.005922882,0.001579996,0.03099711,0.030293367,0,0,0.009322866,0
Ruminococcaceae,Caproiciproducens,Ruminococcaceae_bacterium,0.769750605,Ruminococcaceae_bacterium,Species,0,0,0,0,0,0,0,0,0
Clostridiaceae,Clostridium_sensu_stricto_12,Unassigned,0.999685672,Clostridium_sensu_stricto_12,Genus,0,0,0,0,0,0,0,0,0
Clostridiaceae,Clostridium_sensu_stricto_12,Unassigned,0.999977873,Clostridium_sensu_stricto_12,Genus,0.009067465,0.000604376,0,0.008453757,0.008450255,0,0,0.003574933,0.001009457
Methanosaetaceae,Methanosaeta,Methanosaeta_harundinacea,0.983266706,Methanosaeta_harundinacea,Species,0,0,0,0,0,0.000353248,0,0,0
Clostridiaceae,Clostridium_sensu_stricto_12,uncultured_Clostridiales,0.982321986,Clostridium_sensu_stricto_12,Genus,0.003244322,0,0,0,0,0,0,0,0
Clostridiaceae,Clostridium_sensu_stricto_12,uncultured_bacterium,0.972860835,Clostridium_sensu_stricto_12,Genus,0.001414192,0,0,0,0,0,0,0,0
Anaerolineaceae,Unassigned,Unassigned,0.999999902,Anaerolineaceae,Family,0,0,0,0,0,0.001722082,0.001386001,0.001612225,0
Clostridiaceae,Clostridium_sensu_stricto_12,Unassigned,0.987981148,Clostridium_sensu_stricto_12,Genus,0,0,0,0,0,0,0,0,0
Clostridiaceae,Clostridium_sensu_stricto_12,Clostridium_drakei,0.914197671,Clostridium_drakei,Species,0,0,0,0,0,0,0,0.008832188,0.0132292
Clostridiaceae,Clostridium_sensu_stricto_12,Unassigned,0.965171924,Clostridium_sensu_stricto_12,Genus,0,0,0,0,0,0,0,0.009883639,0.00233769
Anaerolineaceae,Unassigned,Unassigned,0.999999987,Anaerolineaceae,Family,0,0,0,0,0,0,0,0,0
Geobacteraceae,Unassigned,Unassigned,0.999996033,Geobacteraceae,Family,0,0,0,0,0,0,0,0,0
Clostridiaceae,Clostridium_sensu_stricto_12,Unassigned,0.896744962,Clostridium_sensu_stricto_12,Genus,0,0,0,0,0,0,0,0,0
Clostridiaceae,Clostridium_sensu_stricto_12,uncultured_Clostridiales,0.771553635,Clostridium_sensu_stricto_12,Genus,0.00482489,0,0,0,0,0,0,0,0
Geobacteraceae,uncultured,Unassigned,0.821606495,Geobacteraceae,Family,0,0,0,0,0,0.000794807,0,0.000841161,0
Caldatribacteriaceae,Candidatus_Caldatribacterium,Atribacteria_bacterium,0.917527231,Atribacteria_bacterium,Species,0,0,0,0,0,0,0,0,0
Clostridiaceae,Clostridium_sensu_stricto_12,Clostridium_luticellarii,0.987252412,Clostridium_luticellarii,Species,0,0,0,0,0,0,0,0,0
Ruminococcaceae,Caproiciproducens,Ruminococcaceae_bacterium,0.931528147,Ruminococcaceae_bacterium,Species,0,0,0,0,0,0,0,0,0
Clostridiaceae,Clostridium_sensu_stricto_12,Unassigned,0.937912511,Clostridium_sensu_stricto_12,Genus,0,0,0,0,0,0,0,0,0
Clostridiaceae,Clostridium_sensu_stricto_12,Unassigned,0.928551294,Clostridium_sensu_stricto_12,Genus,0.000998253,0,0,0.001300578,0,0,0,0,0
Clostridiaceae,Clostridium_sensu_stricto_12,uncultured_bacterium,0.740905674,Clostridium_sensu_stricto_12,Genus,0,0,0,0,0,0,0,0,0
Clostridiaceae,Clostridium_sensu_stricto_12,uncultured_bacterium,0.823679934,Clostridium_sensu_stricto_12,Genus,0,0,0,0,0,0,0,0,0
Enterobacteriaceae,Unassigned,Unassigned,0.948653938,Enterobacteriaceae,Family,0,0,0,0,0,0,0,0,0
Lactobacillaceae,Lactobacillus,Lactobacillus_mucosae,0.984107727,Lactobacillus_mucosae,Species,0,0,0,0,0,0,0,0,0
Clostridiaceae,Clostridium_sensu_stricto_12,Unassigned,0.927181261,Clostridium_sensu_stricto_12,Genus,0,0,0,0,0,0,0,0,0
Clostridiaceae,Clostridium_sensu_stricto_12,Unassigned,0.841513802,Clostridium_sensu_stricto_12,Genus,0,0,0,0,0,0,0,0,0
Yersiniaceae,Unassigned,Unassigned,0.877077376,Yersiniaceae,Family,0,0,0,0,0,0,0,0,0
Clostridiaceae,Clostridium_sensu_stricto_11,Clostridium_sp.,0.997814344,Clostridium_sp.,Species,0,0,0.011334753,0.009609827,0,0,0,0,0
Aminicenantales,Aminicenantales,Aminicenantes_bacterium,0.967354204,Aminicenantes_bacterium,Species,0,0,0,0,0,0,0,0,0
Clostridiaceae,Clostridium_sensu_stricto_12,Unassigned,0.941623111,Clostridium_sensu_stricto_12,Genus,0,0,0,0,0,0,0,0.002873966,0
Clostridiaceae,Clostridium_sensu_stricto_12,uncultured_bacterium,0.786663894,Clostridium_sensu_stricto_12,Genus,0.000332751,0,0,0.001083815,0,0,0,0,0
Clostridiaceae,Clostridium_sensu_stricto_13,Clostridium_subterminale,0.791587542,Clostridium_subterminale,Species,0,0,0,0,0,0,0,0,0
Clostridiaceae,Clostridium_sensu_stricto_12,Unassigned,0.997268629,Clostridium_sensu_stricto_12,Genus,0,0,0,0,0,0,0,0,0
Clostridiaceae,Clostridium_sensu_stricto_13,Unassigned,0.989176139,Clostridium_sensu_stricto_13,Genus,0.000249563,0,0,0,0,0,0.0001386,0,0.000318776
Selenomonadaceae,uncultured,uncultured_organism,0.883369949,Selenomonadaceae,Family,0,0,0,0,0,0,0,0,0
Oscillospiraceae,Colidextribacter,uncultured_Clostridia,0.99807197,Colidextribacter,Genus,0,0,0,0,0,0,0,0,0
Spirochaetaceae,uncultured,uncultured_prokaryote,0.999952917,Spirochaetaceae,Family,0,0,0,0,0,0.000264936,0.0002772,0.000350484,0
Comamonadaceae,Comamonas,Unassigned,0.921555434,Comamonas,Genus,0,0,0,0,0,0,0,0,0
Defluviitaleaceae,Defluviitalea,uncultured_bacterium,0.962218386,Defluviitalea,Genus,0,0,0,0,0,0,0,0,0
Desulfatiglandaceae,Desulfatiglans,Unassigned,0.999990018,Desulfatiglans,Genus,0,0,0,0,0,0,0,0,0
Butyricicoccaceae,UCG-009,bacterium_NLAE-zl-C231,0.824595722,bacterium_NLAE-zl-C231,Species,0,0,0,0,0,0,0,0,0
Caloramatoraceae,uncultured,uncultured_Caloramator,0.984357317,Caloramatoraceae,Family,0,0,0,0,0,0,0,0,0
Desulfomonilaceae,Desulfomonile,Unassigned,0.999999424,Desulfomonile,Genus,0,0,0,0,0,0.00022078,0,0,0
Oxalobacteraceae,Duganella,Unassigned,0.966612928,Duganella,Genus,0,0,0,0,0,0,0,0,0
Dysgonomonadaceae,Dysgonomonas,Unassigned,1,Dysgonomonas,Genus,0,0,0,0,0,0,0,0,0
uncultured,uncultured,Unassigned,0.999965337,Anaerolineae,Class,0,0,0,0,0,0,0,0,0
Lachnospiraceae,Lachnoclostridium,Clostridium_sp.,0.846000614,Clostridium_sp.,Species,0,0,0,0,0,0,0,0,0
Enterococcaceae,Enterococcus,Unassigned,0.996427603,Enterococcus,Genus,0,0,0,0,0,0.001412991,0,0.001331838,0
Anaerolineaceae,uncultured,uncultured_anaerobic,0.939747882,Anaerolineaceae,Family,0,0,0,0,0,0.001589615,0,0,0
Clostridiaceae,Unassigned,Unassigned,0.999999902,Clostridiaceae,Family,0,0,0,0,0,0,0,0,0
uncultured,uncultured,Unassigned,0.964602379,Desulfobacterota,Phylum,0,0,0,0,0,0,0,0.000350484,0
Comamonadaceae,Unassigned,Unassigned,0.99999917,Comamonadaceae,Family,0,0,0,0,0,0.000618183,0,0.001401935,0
Enterococcaceae,Enterococcus,Unassigned,0.986713002,Enterococcus,Genus,0,0,0,0,0,0,0,0,0
Enterococcaceae,Enterococcus,Unassigned,0.92377727,Enterococcus,Genus,0.003826637,0,0,0,0,0,0,0,0
Syntrophomonadaceae,uncultured,uncultured_Syntrophomonas,0.95839562,Syntrophomonadaceae,Family,0,0,0,0,0,0,0,0,0
Unassigned,Unassigned,Unassigned,0.999983763,Negativicutes,Class,0,0,0,0,0,0,0,0,0
env.OPS_17,env.OPS_17,Unassigned,1,env.OPS_17,Genus,0,0,0,0,0,0,0,0.000350484,0
Anaerolineaceae,uncultured,uncultured_anaerobic,0.970263254,Anaerolineaceae,Family,0,0,0,0,0,0,0,0.001261741,0
Enterobacteriaceae,Escherichia-Shigella,Unassigned,0.990762692,Escherichia-Shigella,Genus,0,0,0,0,0,0,0,0,0
Ruminococcaceae,Caproiciproducens,Clostridium_sp.,0.978320118,Clostridium_sp.,Species,0,0,0,0,0,0,0,0,0
Exiguobacteraceae,Exiguobacterium,Unassigned,0.999790235,Exiguobacterium,Genus,0,0,0,0,0,0,0,0,0
Brachyspirales_Incertae_Sedis,Exilispira,uncultured_bacterium,0.731534714,Exilispira,Genus,0,0,0,0,0,0.00022078,0.000231,0.000280387,0.000212517
Brachyspirales_Incertae_Sedis,Exilispira,uncultured_bacterium,0.999997864,Exilispira,Genus,0,0,0,0,0,0,0,0,0
Rhodocyclaceae,Ferribacterium,uncultured_bacterium,0.912162603,Ferribacterium,Genus,0,0,0,0,0,0,0,0,0
Flavobacteriaceae,Flavobacterium,Unassigned,0.99996721,Flavobacterium,Genus,0,0,0,0,0,0,0,0,0
Caloramatoraceae,Fonticella,uncultured_bacterium,0.981381264,Fonticella,Genus,0,0,0,0,0,0,0,0,0
Caloramatoraceae,Fonticella,uncultured_bacterium,0.871296007,Fonticella,Genus,0,0,0,0,0,0,0,0,0
Lactobacillaceae,Lactobacillus,Lactobacillus_coryniformis,0.988164704,Lactobacillus_coryniformis,Species,0,0,0,0,0,0,0,0,0
Caloramatoraceae,Fonticella,uncultured_bacterium,0.951274543,Fonticella,Genus,0,0,0,0,0,0,0,0,0
Caloramatoraceae,Fonticella,uncultured_compost,0.999901816,Fonticella,Genus,0,0,0,0,0,0,0,0,0
Geobacteraceae,Geobacter,Unassigned,0.999057968,Geobacter,Genus,0,0,0,0,0,0,0,0,0
Acetobacteraceae,Gluconobacter,Unassigned,0.999793351,Gluconobacter,Genus,0,0,0,0,0,0,0,0,0
Hafniaceae,Hafnia-Obesumbacterium,Unassigned,0.902966466,Hafnia-Obesumbacterium,Genus,0,0,0,0,0,0,0,0,0
Lachnospiraceae,Herbinix,uncultured_bacterium,0.770355608,Herbinix,Genus,0,0,0,0,0,0,0,0,0
Ethanoligenenaceae,Incertae_Sedis,uncultured_bacterium,0.731791124,Incertae_Sedis,Genus,0,0,0,0,0,0,0,0,0
Ethanoligenenaceae,Incertae_Sedis,uncultured_Clostridia,0.999696325,Incertae_Sedis,Genus,0,0,0,0,0,0,0,0,0
Ethanoligenenaceae,Incertae_Sedis,Unassigned,0.999999301,Incertae_Sedis,Genus,0,0,0,0,0,0,0,0,0
Ethanoligenenaceae,Incertae_Sedis,Unassigned,0.79340607,Incertae_Sedis,Genus,0,0,0,0,0,0,0,0,0
Clostridiaceae,Unassigned,Unassigned,0.999999866,Clostridiaceae,Family,0,0,0,0,0,0,0,0,0
Ethanoligenenaceae,Incertae_Sedis,Unassigned,0.999999996,Incertae_Sedis,Genus,0,0,0,0,0,0,0,0,0
Clostridiaceae,Unassigned,Unassigned,0.999998952,Clostridiaceae,Family,0,0,0,0,0,0,0,0,0
Izemoplasmatales,Izemoplasmatales,Unassigned,0.999999998,Izemoplasmatales,Genus,0,0,0,0,0,0,0,0,0
Oxalobacteraceae,Janthinobacterium,Unassigned,0.860802927,Janthinobacterium,Genus,0,0,0,0,0,0,0,0,0
Synergistaceae,JGI-0000079-D21,Unassigned,1,JGI-0000079-D21,Genus,0,0,0,0,0,0,0,0,0
JS1,JS1,uncultured_Candidatus,0.997602133,JS1,Genus,0.000249563,0,0,0,0,0.000706495,0.000554401,0.000350484,0.000425035
Lachnospiraceae,Lachnoclostridium,Unassigned,0.992635976,Lachnoclostridium,Genus,0,0,0,0,0,0,0,0,0
Clostridiaceae,Clostridium_sensu_stricto_14,Clostridium_lundense,0.948623292,Clostridium_lundense,Species,0,0,0,0,0,0,0,0,0
Lactobacillaceae,Lactobacillus,Unassigned,0.994677394,Lactobacillus,Genus,0,0,0,0,0,0,0,0,0
Wohlfahrtiimonadaceae,Koukoulia,Koukoulia_aurantiaca,0.979610049,Koukoulia_aurantiaca,Species,0,0,0,0,0,0,0,0,0
Lactobacillaceae,Lactobacillus,Unassigned,0.999994902,Lactobacillus,Genus,0,0,0,0,0,0,0,0,0
Lactobacillaceae,Lactobacillus,Unassigned,0.999494463,Lactobacillus,Genus,0,0,0,0,0,0,0,0,0
Lactobacillaceae,Lactobacillus,Unassigned,0.999858228,Lactobacillus,Genus,0,0,0,0,0,0,0,0,0
Yersiniaceae,Unassigned,Unassigned,0.997476718,Yersiniaceae,Family,0,0,0,0,0,0,0,0,0
Oscillospiraceae,Unassigned,Unassigned,0.999985728,Oscillospiraceae,Family,0,0,0,0,0,0,0,0,0
Lactobacillaceae,Lactobacillus,Unassigned,0.999974841,Lactobacillus,Genus,0,0.014021516,0,0.022182081,0.012276786,0,0,0,0
Streptococcaceae,Lactococcus,Lactococcus_garvieae,0.802788081,Lactococcus_garvieae,Species,0,0,0,0,0,0,0,0,0
Lactobacillaceae,Lactobacillus,Unassigned,0.999904458,Lactobacillus,Genus,0.004159388,0,0.006045202,0,0.013313138,0,0,0,0.001221974
Lactobacillaceae,Lactobacillus,Unassigned,1,Lactobacillus,Genus,0,0,0,0,0,0,0,0,0
Lactobacillaceae,Lactobacillus,Unassigned,0.999999423,Lactobacillus,Genus,0.000915065,0,0,0,0,0,0,0,0
Oscillospiraceae,uncultured,Unassigned,0.708337521,Oscillospiraceae,Family,0,0,0,0,0,0,0,0,0
Lactobacillaceae,Lactobacillus,Unassigned,0.999995201,Lactobacillus,Genus,0,0,0,0,0,0,0,0,0
Unassigned,Unassigned,Unassigned,0.789124877,Clostridia,Class,0,0,0,0,0,0,0,0,0
Lactobacillaceae,Lactobacillus,Unassigned,0.9999924,Lactobacillus,Genus,0,0,0,0,0,0,0,0,0
Lactobacillaceae,Lactobacillus,Unassigned,0.999996497,Lactobacillus,Genus,0,0,0,0,0,0,0,0,0
Anaerolineaceae,uncultured,Unassigned,0.9999276,Anaerolineaceae,Family,0,0,0,0,0,0.000264936,0,0.000630871,0
Streptococcaceae,Lactococcus,Unassigned,0.999988954,Lactococcus,Genus,0,0,0,0,0,0,0,0,0
Latescibacterota,Latescibacterota,uncultured_bacterium,0.967499662,Latescibacterota,Genus,0,0,0,0,0,0.000397404,0,0.000630871,0
Anaerolineaceae,Leptolinea,uncultured_bacterium,0.843916256,Leptolinea,Genus,0,0,0,0,0,0.000353248,0,0,0
Pedosphaeraceae,ADurb.Bin063-1,Verrucomicrobia_bacterium,0.891131283,Verrucomicrobia_bacterium,Species,0,0,0,0,0,0.000927275,0.0002772,0,0
Lachnospiraceae,Unassigned,Unassigned,0.999996702,Lachnospiraceae,Family,0,0,0,0,0,0,0,0,0
Anaerolineaceae,Leptolinea,uncultured_bacterium,0.94526786,Leptolinea,Genus,0,0,0,0,0,0,0,0,0
Streptococcaceae,Streptococcus,Streptococcus_salivarius,0.750650331,Streptococcus_salivarius,Species,0,0,0,0,0,0,0,0,0
Leuconostocaceae,Leuconostoc,Unassigned,0.999999995,Leuconostoc,Genus,0.0040762,0.221564124,0.220718555,0.090606936,0.174346301,0.254161699,0.160683761,0.090354689,0.092445011
Leuconostocaceae,Leuconostoc,Unassigned,0.999999978,Leuconostoc,Genus,0,0,0,0,0,0,0,0,0
Leuconostocaceae,Leuconostoc,Unassigned,0.9999999,Leuconostoc,Genus,0,0,0,0,0,0,0,0,0
Leuconostocaceae,Leuconostoc,Unassigned,0.999999684,Leuconostoc,Genus,0,0,0,0,0,0,0,0,0
Planococcaceae,Lysinibacillus,Unassigned,0.898113326,Lysinibacillus,Genus,0,0,0,0,0,0,0,0,0
Oscillospiraceae,Unassigned,Unassigned,0.999946909,Oscillospiraceae,Family,0,0,0,0,0,0,0,0,0
Clostridiaceae,Clostridium_sensu_stricto_7,Clostridium_sp.,0.975699252,Clostridium_sp.,Species,0,0,0,0,0,0,0,0,0
Anaerolineaceae,uncultured,Unassigned,0.992620422,Anaerolineaceae,Family,0,0,0,0,0,8.83E-05,0,0,0
Anaerolineaceae,uncultured,uncultured_Longilinea,0.990121477,Anaerolineaceae,Family,0,0,0,0,0,0,0,0,0
Kosmotogaceae,Mesotoga,uncultured_bacterium,0.984926926,Mesotoga,Genus,0.004408951,0,0,0,0,0.002428578,0.004573805,0.006308706,0.004569121
uncultured,uncultured,uncultured_actinobacterium,0.984126513,Gaiellales,Order,0,0,0,0,0,0,0,0,0
Methanobacteriaceae,Methanobacterium,Unassigned,0.999999301,Methanobacterium,Genus,0.016471175,0.001450502,0,0,0.000558036,0.005298715,0.011965812,0.009743446,0.006747423
Methanobacteriaceae,Methanobacterium,Unassigned,0.999999853,Methanobacterium,Genus,0.013143665,0.001329626,0.000412173,0,0,0.010994834,0.00997921,0.007710641,0.006853682
Methanobacteriaceae,Methanobacterium,Unassigned,0.999999958,Methanobacterium,Genus,0.002412445,0,0,0,0,0.002340266,0.002356202,0.002453386,0.00233769
Unassigned,Unassigned,Unassigned,0.999988773,Syntrophales,Order,0,0,0,0,0,0,0,0,0
Methanobacteriaceae,Methanobacterium,uncultured_archaeon,0.732440642,Methanobacterium,Genus,0.001830131,0,0,0,0,0.002958449,0.004989605,0.001261741,0.001647009
uncultured,uncultured,metagenome,0.990911318,Gaiellales,Order,0,0,0,0,0,0,0,0,0
Methanobacteriaceae,Methanobacterium,Unassigned,0.999994711,Methanobacterium,Genus,0,0,0,0,0,0,0,0,0
Methanobacteriaceae,Methanobacterium,Unassigned,0.999989144,Methanobacterium,Genus,0,0,0,0,0,0,0,0.000490677,0
Methanobacteriaceae,Methanobacterium,Unassigned,0.999999062,Methanobacterium,Genus,0,0,0,0,0,0,0,0,0
Methanobacteriaceae,Methanobacterium,Unassigned,0.999999989,Methanobacterium,Genus,0,0,0,0,0,0,0,0,0
Methanoregulaceae,Methanolinea,Unassigned,0.999997684,Methanolinea,Genus,0,0,0,0,0,0.000485716,0.001894202,0.001331838,0.000850069
Methanomassiliicoccaceae,Methanomassiliicoccus,uncultured_archaeon,0.997811022,Methanomassiliicoccus,Genus,0,0,0,0,0,0,0.000462,0.000350484,0
Methanosaetaceae,Methanosaeta,Unassigned,0.977803257,Methanosaeta,Genus,0.000499127,0,0,0,0,0.002781825,0.006930007,0.001331838,0.000956328
Methanosaetaceae,Methanosaeta,Unassigned,0.999968814,Methanosaeta,Genus,0,0,0,0,0,0,0.0003234,0,0
Methanosarcinaceae,Methanosarcina,Unassigned,0.999912158,Methanosarcina,Genus,0,0,0,0,0,0,0,0,0
mle1-8,mle1-8,uncultured_bacterium,0.999981057,mle1-8,Genus,0,0,0,0,0,0.000309092,0,0.00021029,0.000159388
mle1-8,mle1-8,uncultured_bacterium,0.999980894,mle1-8,Genus,0,0,0,0,0,0,0,0,0
mle1-8,mle1-8,uncultured_bacterium,0.987354501,mle1-8,Genus,0,0,0,0,0,0.000176624,0,0,0
mle1-8,mle1-8,uncultured_bacterium,0.82258886,mle1-8,Genus,0,0,0,0,0,0.00022078,0,0,0
Lactobacillaceae,Lactobacillus,Lactobacillus_rossiae,0.995573821,Lactobacillus_rossiae,Species,0,0,0,0,0,0,0,0,0
Monoglobaceae,Monoglobus,uncultured_bacterium,0.898218315,Monoglobus,Genus,0.000332751,0,0,0.008453757,0.002072704,0,0,0.002243095,0
Oscillospiraceae,NK4A214_group,uncultured_bacterium,0.737147034,NK4A214_group,Genus,0,0,0,0,0,0,0,0,0
Oscillospiraceae,NK4A214_group,uncultured_Firmicutes,0.857929588,NK4A214_group,Genus,0,0,0,0,0,0,0,0,0
Oscillospiraceae,NK4A214_group,uncultured_Firmicutes,0.949690743,NK4A214_group,Genus,0,0,0,0,0,0,0,0,0
Oscillospiraceae,NK4A214_group,uncultured_bacterium,0.823579148,NK4A214_group,Genus,0,0,0,0,0,0,0,0,0
uncultured,uncultured,uncultured_Rubrobacteraceae,0.937116259,Gaiellales,Order,0.000582314,0,0,0,0,0,0,0,0
Oscillospiraceae,Oscillibacter,uncultured_bacterium,0.912661118,Oscillibacter,Genus,0,0,0,0,0,0,0,0,0
Oscillospiraceae,Oscillibacter,Unassigned,0.986954814,Oscillibacter,Genus,0,0,0,0,0,0,0,0,0
Oscillospiraceae,Oscillibacter,uncultured_bacterium,0.80409435,Oscillibacter,Genus,0,0,0,0,0,0,0,0,0
Oscillospiraceae,Oscillibacter,uncultured_bacterium,0.912720779,Oscillibacter,Genus,0,0,0,0,0,0,0,0,0
Clostridiaceae,Clostridium_sensu_stricto_11,Clostridium_sp.,0.99640104,Clostridium_sp.,Species,0,0,0,0,0,0,0,0,0
Oscillospiraceae,Oscillibacter,uncultured_Clostridiales,0.76095137,Oscillibacter,Genus,0,0,0,0,0,0,0,0,0
Oscillospiraceae,Oscillospira,Unassigned,0.778568936,Oscillospira,Genus,0,0,0,0,0,0,0,0,0
Erwiniaceae,Pantoea,Unassigned,0.768083302,Pantoea,Genus,0,0,0,0,0,0,0,0,0
Parvibaculaceae,Parvibaculum,uncultured_Alphaproteobacteria,0.72277262,Parvibaculum,Genus,0,0,0,0,0,0.000309092,0.000231,0.000350484,0
Lachnospiraceae,uncultured,uncultured_Coprococcus,0.95937593,Lachnospiraceae,Family,0,0,0,0,0,0,0,0,0
Lactobacillaceae,Pediococcus,uncultured_bacterium,0.700965195,Pediococcus,Genus,0,0,0,0,0,0,0,0,0
Lactobacillaceae,Pediococcus,Unassigned,0.920700785,Pediococcus,Genus,0,0,0,0,0,0,0,0,0
Unassigned,Unassigned,Unassigned,0.999998651,Alphaproteobacteria,Class,0,0,0,0,0,0,0,0,0
Anaerolineaceae,Pelolinea,uncultured_bacterium,0.998920359,Pelolinea,Genus,0,0,0,0,0,0,0,0,0
Lachnospiraceae,Unassigned,Unassigned,0.999999702,Lachnospiraceae,Family,0,0,0,0,0,0,0,0,0
Anaerolineaceae,Pelolinea,uncultured_bacterium,0.999445752,Pelolinea,Genus,0,0,0,0,0,0,0,0,0
Pirellulaceae,Pir4_lineage,Unassigned,0.797843917,Pir4_lineage,Genus,0,0,0,0,0,0,0,0,0.000106259
Pseudomonadaceae,Pseudomonas,Unassigned,0.999991065,Pseudomonas,Genus,0,0,0,0,0,0,0,0,0
Pseudomonadaceae,Pseudomonas,Unassigned,0.999932034,Pseudomonas,Genus,0,0,0,0,0,0,0,0,0
Anaerolineaceae,uncultured,Unassigned,0.998280349,Anaerolineaceae,Family,0,0,0,0,0,0,0,0,0
Pseudomonadaceae,Pseudomonas,Unassigned,0.999034862,Pseudomonas,Genus,0,0,0,0,0,0,0,0.002032805,0
Pseudomonadaceae,Pseudomonas,Unassigned,0.99971212,Pseudomonas,Genus,0,0,0,0,0,0,0,0,0
Pseudomonadaceae,Pseudomonas,Unassigned,0.997415949,Pseudomonas,Genus,0,0,0,0,0,0,0,0.00665919,0.001700138
Pseudomonadaceae,Pseudomonas,Unassigned,0.999774286,Pseudomonas,Genus,0,0,0,0,0,0,0,0,0
Pseudomonadaceae,Pseudomonas,Unassigned,0.999962339,Pseudomonas,Genus,0,0,0,0,0,0,0,0,0
Pseudomonadaceae,Pseudomonas,Unassigned,0.999219709,Pseudomonas,Genus,0,0,0,0,0,0,0,0,0
Unassigned,Unassigned,Unassigned,0.98797443,Bacteria,Kingdom,0,0,0,0,0,0,0,0,0
Pseudomonadaceae,Pseudomonas,Unassigned,0.996120905,Pseudomonas,Genus,0,0,0,0,0,0,0,0.002523482,0
Pseudomonadaceae,Pseudomonas,Unassigned,0.999883691,Pseudomonas,Genus,0,0,0,0,0,0,0,0,0
Pseudomonadaceae,Pseudomonas,Unassigned,0.998007557,Pseudomonas,Genus,0,0,0,0,0,0,0,0,0
Pseudomonadaceae,Pseudomonas,Unassigned,0.96774423,Pseudomonas,Genus,0,0,0,0,0,0,0,0,0
Moraxellaceae,Psychrobacter,Unassigned,0.99999993,Psychrobacter,Genus,0.000415939,0,0,0,0,0.000264936,0.0004158,0,0
Leptospiraceae,RBG-16-49-21,uncultured_bacterium,0.715062644,RBG-16-49-21,Genus,0,0,0,0,0,0,0,0,0
Rhodanobacteraceae,Rhodanobacter,Unassigned,0.99763895,Rhodanobacter,Genus,0,0,0,0,0,0,0,0,0
Clostridiaceae,Unassigned,Unassigned,0.999999752,Clostridiaceae,Family,0,0,0,0,0,0,0,0.001612225,0.001115716
Peptostreptococcaceae,Romboutsia,Unassigned,0.975561597,Romboutsia,Genus,0,0,0,0,0,0,0,0,0
Unassigned,Unassigned,Unassigned,0.999997426,Alphaproteobacteria,Class,0,0,0,0,0,0,0,0,0
Peptostreptococcaceae,Romboutsia,Unassigned,0.995836579,Romboutsia,Genus,0,0,0,0,0,0,0,0,0
Lachnospiraceae,Anaerocolumna,Clostridium_sp.,0.935545557,Clostridium_sp.,Species,0,0,0,0,0,0,0,0,0
Lachnospiraceae,Roseburia,Unassigned,0.847729623,Roseburia,Genus,0,0,0,0,0,0,0,0,0
Clostridiaceae,Clostridium_sensu_stricto_11,Clostridium_sp.,0.985562657,Clostridium_sp.,Species,0,0,0,0,0,0,0,0,0
Leuconostocaceae,Leuconostoc,Leuconostoc_fallax,0.997559943,Leuconostoc_fallax,Species,0,0,0,0,0,0,0,0,0
Lachnospiraceae,Roseburia,Unassigned,0.919813111,Roseburia,Genus,0,0,0,0,0,0,0,0,0
Hungateiclostridiaceae,Ruminiclostridium,uncultured_bacterium,0.745870874,Ruminiclostridium,Genus,0,0,0,0,0,0,0,0,0
Marinilabiliaceae,Ruminofilibacter,uncultured_prokaryote,0.864145222,Ruminofilibacter,Genus,0,0,0,0,0,0,0,0,0
Planococcaceae,Rummeliibacillus,Unassigned,0.975634605,Rummeliibacillus,Genus,0,0,0,0,0,0,0,0,0
Planococcaceae,Rummeliibacillus,Unassigned,0.992690186,Rummeliibacillus,Genus,0,0,0,0,0,0,0,0,0.000850069
Microbacteriaceae,Unassigned,Unassigned,0.999918227,Microbacteriaceae,Family,0,0,0,0,0,0,0,0,0
S-70,S-70,uncultured_bacterium,0.999983427,S-70,Genus,0,0,0,0,0,0,0.000231,0.000350484,0
Sanguibacteraceae,Sanguibacter,Unassigned,0.984024942,Sanguibacter,Genus,0,0,0,0,0,0,0,0,0
Ruminococcaceae,uncultured,Unassigned,0.992556474,Ruminococcaceae,Family,0,0,0,0,0,0,0,0,0
SAR324_clade(Marine_group_B),SAR324_clade(Marine_group_B),uncultured_Desulfobulbaceae,0.996136345,SAR324_clade(Marine_group_B),Genus,0,0,0,0,0,0,0,0,0
Planococcaceae,Savagea,uncultured_bacterium,0.999828958,Savagea,Genus,0,0,0,0,0.000318878,0,0,0,0
Lachnospiraceae,Unassigned,Unassigned,0.999970741,Lachnospiraceae,Family,0,0,0,0,0,0,0,0,0
Sedimentibacteraceae,Sedimentibacter,Unassigned,0.999999917,Sedimentibacter,Genus,0,0,0,0,0,0,0,0,0
SG8-4,SG8-4,Unassigned,0.999999999,SG8-4,Genus,0,0,0,0,0,0.00022078,0,0,0
SG8-4,SG8-4,uncultured_Planctomycetales,0.892505359,SG8-4,Genus,0,0,0,0,0,0,0.0001386,0.00021029,0.000212517
SJA-15,SJA-15,uncultured_bacterium,0.998812989,SJA-15,Genus,0,0,0,0,0,0,0,0,0
Unassigned,Unassigned,Unassigned,0.999999962,Bacteria,Kingdom,0,0,0,0,0,0,0,0,0.000106259
Dysgonomonadaceae,Dysgonomonas,Dysgonomonas_capnocytophagoides,0.727719392,Dysgonomonas_capnocytophagoides,Species,0,0,0,0,0,0,0,0,0
Smithellaceae,Smithella,Unassigned,0.970774364,Smithella,Genus,0,0,0,0,0,0,0,0,0
Xanthomonadaceae,Stenotrophomonas,Stenotrophomonas_rhizophila,0.737158701,Stenotrophomonas_rhizophila,Species,0,0,0,0,0,0,0,0,0
Sphingomonadaceae,Sphingomonas,Unassigned,0.988860177,Sphingomonas,Genus,0,0,0,0,0,0,0,0,0
Bathyarchaeia,Bathyarchaeia,archaeon_enrichment,0.998174936,archaeon_enrichment,Species,0,0,0,0,0,0.000132468,0,0,0
Lactobacillaceae,Unassigned,Unassigned,0.999999998,Lactobacillaceae,Family,0,0,0,0,0,0,0,0,0
uncultured,uncultured,uncultured_Nitrospiraceae,0.941396371,Thermodesulfovibrionia,Class,0,0,0,0,0,0,0,0,0
Omnitrophaceae,Candidatus_Omnitrophus,Omnitrophica_WOR_2,0.999485637,Omnitrophica_WOR_2,Species,0,0,0,0,0,0,0,0.000280387,0
Spirochaetaceae,Spirochaeta,uncultured_bacterium,0.88213494,Spirochaeta,Genus,0,0,0,0,0,0.000397404,0.0004158,0,0.000318776
Spirochaetaceae,Spirochaeta,uncultured_soil,0.958132125,Spirochaeta,Genus,0,0,0,0,0,0,0.0002772,0.000771064,0
Geobacteraceae,uncultured,Unassigned,0.942147552,Geobacteraceae,Family,0,0,0,0,0,0,0,0,0
Spirochaetaceae,Spirochaeta,Unassigned,0.999984844,Spirochaeta,Genus,0.000166376,0,0,0,0,0.000176624,0.0003696,0,0
Spirochaetaceae,Spirochaeta,uncultured_soil,0.93479517,Spirochaeta,Genus,0,0,0,0,0,0.000574027,0,0,0
Spirochaetaceae,Spirochaeta,uncultured_bacterium,0.999862709,Spirochaeta,Genus,0,0,0,0,0,0,0,0,0
Xanthomonadaceae,Stenotrophomonas,Unassigned,0.999970602,Stenotrophomonas,Genus,0,0,0,0,0,0,9.24E-05,0.000630871,0
Xanthomonadaceae,Stenotrophomonas,Unassigned,0.999985088,Stenotrophomonas,Genus,0,0,0,0,0,0,0,0,0
Streptococcaceae,Streptococcus,Unassigned,0.999999235,Streptococcus,Genus,0,0,0,0,0,0,0,0,0
Synergistaceae,Syner-01,uncultured_bacterium,0.975999329,Syner-01,Genus,0,0,0,0,0,0,0,0.00042058,0
Syntrophobacteraceae,Syntrophobacter,uncultured_bacterium,0.789084239,Syntrophobacter,Genus,0,0,0,0,0,0.006093522,0.001848002,0,0.002975242
Syntrophobacteraceae,Syntrophobacter,uncultured_bacterium,0.891714713,Syntrophobacter,Genus,0.001746943,0,0,0,0,0.004901311,0,0,0
Syntrophobacteraceae,Syntrophobacter,Unassigned,0.997465337,Syntrophobacter,Genus,0,0,0,0,0,0,0,0,0
Syntrophomonadaceae,Syntrophomonas,Unassigned,0.999911344,Syntrophomonas,Genus,0.000249563,0,0,0,0,0.001236367,0,0,0
Syntrophomonadaceae,Syntrophomonas,Unassigned,0.852101377,Syntrophomonas,Genus,0,0,0,0,0,0.000927275,0.000970201,0.00042058,0.000478164
Syntrophomonadaceae,Syntrophomonas,uncultured_Pelospora,0.725151589,Syntrophomonas,Genus,0,0,0,0,0,0,0,0,0
Syntrophomonadaceae,Syntrophomonas,Unassigned,0.99999953,Syntrophomonas,Genus,0,0,0,0,0,0,0,0,0
Anaerolineaceae,uncultured,uncultured_Chloroflexi,0.988963215,Anaerolineaceae,Family,0,0,0,0,0,0,0,0,0
uncultured,uncultured,metagenome,0.904833562,Gaiellales,Order,0,0,0,0,0,0,0,0,0
Syntrophomonadaceae,Syntrophomonas,Unassigned,0.999987807,Syntrophomonas,Genus,0,0,0,0,0,0,0,0,0
Christensenellaceae,uncultured,uncultured_bacterium,0.995575201,Christensenellaceae,Family,0,0,0,0,0,0,0,0,0
Syntrophorhabdaceae,Syntrophorhabdus,Unassigned,1,Syntrophorhabdus,Genus,0.00074869,0,0,0,0,0.003620789,0.002818203,0.002523482,0.001062586
Anaerolineaceae,uncultured,uncultured_Anaerolineaceae,0.793937693,Anaerolineaceae,Family,0,0,0,0,0,0,0,0.000280387,0
Syntrophorhabdaceae,Syntrophorhabdus,uncultured_bacterium,0.9960185,Syntrophorhabdus,Genus,0,0,0,0,0,0,0,0,0
Syntrophorhabdaceae,Syntrophorhabdus,uncultured_bacterium,0.946184415,Syntrophorhabdus,Genus,0,0,0,0,0,0,0,0,0
uncultured,uncultured,uncultured_bacterium,0.753162073,Campylobacterales,Order,0,0,0,0,0,0,0,0,0
Ruminococcaceae,Caproiciproducens,Ruminococcaceae_bacterium,0.999262907,Ruminococcaceae_bacterium,Species,0,0,0,0,0,0,0,0,0
Syntrophaceae,Syntrophus,Unassigned,0.910995903,Syntrophus,Genus,0.001247816,0,0,0,0,0.000927275,0.000739201,0.001121548,0.000903198
Syntrophaceae,Syntrophus,uncultured_delta,0.944568694,Syntrophus,Genus,0,0,0,0,0,0,0,0,0
Caulobacteraceae,Unassigned,Unassigned,0.99998901,Caulobacteraceae,Family,0,0,0,0,0,0,0,0,0
Clostridiaceae,Clostridium_sensu_stricto_14,Clostridium_lundense,0.994751408,Clostridium_lundense,Species,0,0,0,0,0,0,0,0,0
Hydrogenophilaceae,Thiobacillus,Unassigned,0.993804602,Thiobacillus,Genus,0,0,0,0,0,0,0,0,0
Unassigned,Unassigned,Unassigned,0.99999957,Syntrophales,Order,0,0,0,0,0,0,0,0,0
Hydrogenophilaceae,Thiobacillus,Unassigned,0.996471716,Thiobacillus,Genus,0,0,0,0,0,0,0,0,0
Peptostreptococcales-Tissierellales,Tissierella,Unassigned,0.997486952,Tissierella,Genus,0,0,0,0,0,0,0,0,0
Carnobacteriaceae,Trichococcus,Unassigned,0.988127053,Trichococcus,Genus,0,0,0,0,0,0,0,0,0
TSAC18,TSAC18,uncultured_bacterium,0.998347658,TSAC18,Genus,0,0,0,0,0,0,0,0,0
Erysipelotrichaceae,Turicibacter,Unassigned,0.999983009,Turicibacter,Genus,0,0,0,0,0,0,0,0,0
uncultured,uncultured,metagenome,0.997267047,Gaiellales,Order,0,0,0,0,0,0,0,0,0
Oscillospiraceae,UCG-002,uncultured_bacterium,0.770616876,UCG-002,Genus,0,0,0,0,0,0,0,0,0
Oscillospiraceae,UCG-005,uncultured_Ruminococcaceae,0.788201435,UCG-005,Genus,0,0,0,0,0,0,0,0,0
UCG-010,UCG-010,gut_metagenome,0.724737637,UCG-010,Genus,0,0,0,0,0,0,0,0,0
Alcaligenaceae,Unassigned,Unassigned,0.999999728,Alcaligenaceae,Family,0,0,0,0,0,0,0,0,0
Vermiphilaceae,Vermiphilaceae,uncultured_bacterium,0.99950505,Vermiphilaceae,Genus,0.000998253,0,0,0,0,0.000750651,0.000508201,0.000490677,0.000265647
Ruminococcaceae,Unassigned,Unassigned,0.868568641,Ruminococcaceae,Family,0,0,0,0,0,0,0,0,0
Leuconostocaceae,Weissella,Unassigned,0.999999998,Weissella,Genus,0,0,0,0,0,0.097717137,0.087826288,0.041497266,0.16794177
Leuconostocaceae,Weissella,Unassigned,0.999999991,Weissella,Genus,0,0,0,0,0,0,0,0,0
Leuconostocaceae,Weissella,Unassigned,0.999999995,Weissella,Genus,0,0,0,0,0,0.013158476,0.012612613,0.00665919,0.023855063
Unassigned,Unassigned,Unassigned,0.998384481,Ignavibacteriales,Order,0,0,0,0,0,0,0,0,0
Leuconostocaceae,Weissella,Unassigned,0.999999924,Weissella,Genus,0,0,0,0,0,0,0,0,0
Williamwhitmaniaceae,Williamwhitmania,uncultured_bacterium,0.962008783,Williamwhitmania,Genus,0,0,0,0,0,0,0,0,0
Zixibacteria,Zixibacteria,uncultured_bacterium,0.999969218,Zixibacteria,Genus,0.000582314,0,0,0,0,0.001324679,0.001339801,0.002873966,0.000850069
Christensenellaceae,uncultured,uncultured_bacterium,0.747194844,Christensenellaceae,Family,0,0,0,0,0,0,0,0,0
Zixibacteria,Zixibacteria,uncultured_bacterium,0.993182697,Zixibacteria,Genus,0.000831878,0,0,0,0,0.001192211,0.001432201,0.001331838,0.000584422
Methanomassiliicoccaceae,uncultured,uncultured_archaeon,0.99671626,Methanomassiliicoccaceae,Family,0,0,0,0,0,0,0,0,0
