int.slv.Genus,int.slv.Species,int.slv.cnf,int.slv.lws.txn,int.slv.lws.lvl,Glu_D0,Glu_70 RPM_D2,Glu_70 RPM_D5,Glu_70 RPM_D9,Glu_400 RPM_D2,Glu_400 RPM_D5,Glu_400 RPM_D9
[Eubacterium]_coprostanoligenes_group,uncultured_rumen,0.74125302,[Eubacterium]_coprostanoligenes_group,Genus,0,0,0,0,0,0,0
Acetobacter,Unassigned,0.998327317,Acetobacter,Genus,0,0,0,0,0,0,0
Acetobacter,Unassigned,0.813144432,Acetobacter,Genus,0.002042287,0,0.001745695,0.002564925,0,0.000815273,0.001577038
Acetobacter,Unassigned,0.991566865,Acetobacter,Genus,0,0,0.000660533,0.002564925,0,0,0
Acetobacter,Unassigned,0.99744456,Acetobacter,Genus,0,0.000213174,0.000141543,0.000384739,0,0.00108703,0
Acetobacter,Acetobacter_persici,0.935004176,Acetobacter_persici,Species,0,0,0,0,0,0,0
Achromobacter,Unassigned,0.756869659,Achromobacter,Genus,0.000600673,0,0,0.000192369,0,0,0
Acinetobacter,Unassigned,0.999999898,Acinetobacter,Genus,0,0,0,0,0,0,0
Acinetobacter,Unassigned,0.999977278,Acinetobacter,Genus,0,0,0,0,0,0,0
Acinetobacter,Unassigned,0.999999921,Acinetobacter,Genus,0,0,0,0,0,0,0
Acinetobacter,Unassigned,0.999995489,Acinetobacter,Genus,0,0,0,0,0,0,0
Acinetobacter,Unassigned,0.999975774,Acinetobacter,Genus,0,0,0,0,0,0,0
Acinetobacter,Unassigned,0.999235762,Acinetobacter,Genus,0,0,0,0,0,0,0
Allorhizobium-Neorhizobium-Pararhizobium-Rhizobium,Unassigned,0.936955642,Allorhizobium-Neorhizobium-Pararhizobium-Rhizobium,Genus,0,0,0,0,0,0,0
Allorhizobium-Neorhizobium-Pararhizobium-Rhizobium,Unassigned,0.933814135,Allorhizobium-Neorhizobium-Pararhizobium-Rhizobium,Genus,0,0,0,0,0,0,0
Unassigned,Unassigned,0.999997426,Alphaproteobacteria,Class,0.001922153,0,0,0,0,0,0
Altererythrobacter,Unassigned,0.965884123,Altererythrobacter,Genus,0,0,0,0,0,0,0
Aminicenantales,metagenome,0.999765628,Aminicenantales,Genus,0.001681884,0,0.000188724,0,0,0,0
Aminobacter,uncultured_bacterium,0.809357197,Aminobacter,Genus,0,0,0,0,0,0,0
Anaerolinea,uncultured_bacterium,0.88277482,Anaerolinea,Genus,0.002042287,0,0,0,0,0,0
Unassigned,Unassigned,0.999847785,Anaerolineaceae,Family,0.000961076,0,0,0,0,0,0
Unassigned,Unassigned,0.999999982,Anaerolineaceae,Family,0.00264296,0,0,0,0,0,0
Unassigned,Unassigned,0.999999898,Anaerolineaceae,Family,0.001561749,0,0,0,0,0,0
uncultured,uncultured_Anaerolineaceae,0.955853363,Anaerolineaceae,Family,0.006847669,0,0,0,0.000143431,0,0
uncultured,uncultured_Chloroflexi,0.988963215,Anaerolineaceae,Family,0.003724171,0,0,0,0,0,0
uncultured,uncultured_Longilinea,0.990121477,Anaerolineaceae,Family,0.002162422,0,0,0,0,0,0
uncultured,Unassigned,0.9999276,Anaerolineaceae,Family,0.006847669,0,0,0,0,0,0
uncultured,uncultured_anaerobic,0.970263254,Anaerolineaceae,Family,0.002883229,0,0,0,0,0,0
Anaerolineaceae_UCG-001,Unassigned,0.999997646,Anaerolineaceae_UCG-001,Genus,0.004324844,0,0,0,0,0,0
Anaerosporobacter,Unassigned,0.910914866,Anaerosporobacter,Genus,0,0,0,0,0,0,0
Anaerovibrio,uncultured_bacterium,0.995183506,Anaerovibrio,Genus,0,0,0.000660533,0.000577108,0,0,0
Anaerovibrio,uncultured_bacterium,0.993166606,Anaerovibrio,Genus,0,0,0,0,0,0.000475576,0
Arthrobacter,Unassigned,0.926289206,Arthrobacter,Genus,0,0,0,0,0,0,0
Arthrobacter,Unassigned,0.864894518,Arthrobacter,Genus,0,0,0,0,0,0,0
Unassigned,Unassigned,0.999971271,Bacilli,Class,0,0,0,0,0,0,0
Bacillus,Unassigned,0.988021063,Bacillus,Genus,0,0,0,0,0,0,0
Bacillus,Unassigned,0.998358306,Bacillus,Genus,0,0,0,0,0,0,0
Bacillus,Unassigned,0.999620372,Bacillus,Genus,0,0,0,0,0,0,0
Bacillus,Unassigned,0.996498409,Bacillus,Genus,0,0,0,0,0,0,0
Bacillus,Unassigned,0.963300962,Bacillus,Genus,0,0,0,0,0,0,0
Bacillus,Bacillus_thermolactis,0.968213628,Bacillus_thermolactis,Species,0,0,0,0,0,0,0
Bacillus,Bacillus_vietnamensis,0.734598586,Bacillus_vietnamensis,Species,0,0,0,0,0,0,0
Unassigned,Unassigned,0.99811826,Bacteria,Kingdom,0,0,0,0,0,0,0
Cellulosilyticum,bacterium_PS7,0.989254846,bacterium_PS7,Species,0,0,0,0,0,0,0
uncultured,uncultured_bacterium,0.999999905,Bacteroidales,Order,0,0,0,0,0,0,0
uncultured,uncultured_bacterium,0.999999861,Bacteroidales,Order,0,0,0,0,0,0,0
Bacteroides,uncultured_Bacteroides,0.969159311,Bacteroides,Genus,0,0,0,0,0,0,0
Bacteroides,Bacteroides_graminisolvens,0.737958641,Bacteroides_graminisolvens,Species,0,0.000639522,0,0,0,0,0
Bacteroidetes_vadinHA17,Unassigned,0.999999992,Bacteroidetes_vadinHA17,Genus,0.049135031,0,0.000141543,0.000897724,0.000932301,0,0.000315408
Bacteroidetes_vadinHA17,uncultured_bacterium,0.745555277,Bacteroidetes_vadinHA17,Genus,0.024387314,0,0,0.001218339,0,0,0.000473111
Bacteroidetes_vadinHA17,uncultured_bacterium,0.759456378,Bacteroidetes_vadinHA17,Genus,0.021504085,0,0.000141543,0,0.000645439,0,0
Bacteroidetes_vadinHA17,Unassigned,0.99999997,Bacteroidetes_vadinHA17,Genus,0.008649688,0,0,0,0,0,0
Bacteroidetes_vadinHA17,Unassigned,0.999996153,Bacteroidetes_vadinHA17,Genus,0.002042287,0,0,0,0,0,0
Bacteroidetes_vadinHA17,uncultured_Cytophagales,0.78389107,Bacteroidetes_vadinHA17,Genus,0.00132148,0,0,0,0,0,0
Bacteroidetes_vadinHA17,metagenome,0.887471783,Bacteroidetes_vadinHA17,Genus,0.001081211,0,0,0,0,0,0
Unassigned,Unassigned,0.999999999,Bifidobacteriaceae,Family,0,0,0,0,0,0,0
Bifidobacterium,Unassigned,0.999999926,Bifidobacterium,Genus,0,0,0,0,0,0,0
Bifidobacterium,Unassigned,0.999999948,Bifidobacterium,Genus,0,0,0,0,0,0,0
Bifidobacterium,Unassigned,0.927815293,Bifidobacterium,Genus,0,0,0,0,0,0,0
Bifidobacterium,Unassigned,0.999999939,Bifidobacterium,Genus,0,0.00035529,0.001037981,0.000833601,0,0,0.000157704
Bifidobacterium,Unassigned,0.999998684,Bifidobacterium,Genus,0,0,0,0,0,0,0
Bifidobacterium,Bifidobacterium_minimum,0.919415337,Bifidobacterium_minimum,Species,0,0,0.000754895,0.000769477,0,0,0
Unassigned,Unassigned,0.994231551,Butyricicoccaceae,Family,0,0,0,0,0,0,0
Butyrivibrio,uncultured_bacterium,0.801304516,Butyrivibrio,Genus,0,0,0,0,0,0,0
c5LKS83,uncultured_bacterium,1,c5LKS83,Genus,0.003003364,0,0,0,0,0,0
Candidatus_Caldatribacterium,Unassigned,1,Candidatus_Caldatribacterium,Genus,0.004565113,0,0,0,0,0,0
Candidatus_Methanofastidiosum,Unassigned,0.999473292,Candidatus_Methanofastidiosum,Genus,0.002162422,0,0,0,0,0,0
Candidatus_Omnitrophus,uncultured_bacterium,0.986989276,Candidatus_Omnitrophus,Genus,0.000720807,0,0,0,0,0,0
Candidatus_Omnitrophus,uncultured_bacterium,0.989939363,Candidatus_Omnitrophus,Genus,0.001081211,0,0,0,0,0,0
Caproiciproducens,Unassigned,0.999996011,Caproiciproducens,Genus,0,0,0,0,0,0,0
Caproiciproducens,uncultured_organism,0.960265798,Caproiciproducens,Genus,0,0,0.005378627,0.007117666,0,0.001494667,0.000946223
Caproiciproducens,uncultured_Clostridia,0.799626594,Caproiciproducens,Genus,0,0,0,0,0,0,0
Caproiciproducens,uncultured_Clostridia,0.981731391,Caproiciproducens,Genus,0,0,0.000330267,0,0,0,0
Caproiciproducens,uncultured_Clostridia,0.75826857,Caproiciproducens,Genus,0,0,0,0,0,0,0
Caproiciproducens,uncultured_Clostridia,0.708388327,Caproiciproducens,Genus,0,0,0,0,0,0.00115497,0.00165589
Caproiciproducens,uncultured_Ruminococcus,0.768403315,Caproiciproducens,Genus,0,0,0,0,0,0,0
Caproiciproducens,Unassigned,0.999987672,Caproiciproducens,Genus,0,0,0,0,0,0,0.000946223
Caproiciproducens,Unassigned,0.963421675,Caproiciproducens,Genus,0,0,0,0,0,0,0
Caproiciproducens,uncultured_Clostridia,0.887089437,Caproiciproducens,Genus,0,0,0,0,0,0.001019091,0.000946223
Caproiciproducens,uncultured_Clostridia,0.997264833,Caproiciproducens,Genus,0,0,0,0,0,0,0
Caproiciproducens,Unassigned,0.999816624,Caproiciproducens,Genus,0,0,0,0,0,0,0
Caproiciproducens,Unassigned,0.999984809,Caproiciproducens,Genus,0,0,0,0,0,0,0
Caproiciproducens,uncultured_bacterium,0.722117231,Caproiciproducens,Genus,0,0,0,0,0,0,0
Caproiciproducens,Unassigned,0.999861782,Caproiciproducens,Genus,0,0,0,0,0,0,0
Caproiciproducens,uncultured_bacterium,0.856700101,Caproiciproducens,Genus,0,0,0,0.001090093,0,0,0.000709667
Caproiciproducens,uncultured_bacterium,0.990498688,Caproiciproducens,Genus,0,0,0,0,0,0,0
Caproiciproducens,uncultured_bacterium,0.87088711,Caproiciproducens,Genus,0,0,0,0,0,0,0
Caproiciproducens,uncultured_bacterium,0.99340445,Caproiciproducens,Genus,0,0,0,0,0,0,0
CCM11a,uncultured_bacterium,0.981526724,CCM11a,Genus,0.004084575,0,0,0,0,0,0
Cellulomonas,Unassigned,0.999521849,Cellulomonas,Genus,0,0,0,0,0,0,0
Cellulosilyticum,uncultured_bacterium,0.999999914,Cellulosilyticum,Genus,0,0,0,0,0,0,0
Cellulosilyticum,uncultured_bacterium,0.999999667,Cellulosilyticum,Genus,0,0,0,0,0,0,0
Cellulosilyticum,uncultured_bacterium,0.998761407,Cellulosilyticum,Genus,0,0,0,0,0,0,0
Cellulosimicrobium,Unassigned,0.990271316,Cellulosimicrobium,Genus,0,0,0,0,0,0,0
uncultured,uncultured_bacterium,0.73678234,Christensenellaceae,Family,0,0,0,0,0,0,0
uncultured,uncultured_bacterium,0.747194844,Christensenellaceae,Family,0.00396444,0,0,0,0,0,0
uncultured,uncultured_bacterium,0.995575201,Christensenellaceae,Family,0.000961076,0,0,0,0,0,0
Christensenellaceae_R-7_group,Unassigned,0.887492924,Christensenellaceae_R-7_group,Genus,0.009851033,0,0,0,0,0,0
Christensenellaceae_R-7_group,uncultured_bacterium,0.806790571,Christensenellaceae_R-7_group,Genus,0,0,0,0,0,0,0
Christensenellaceae_R-7_group,Unassigned,0.998973289,Christensenellaceae_R-7_group,Genus,0.00132148,0,0,0,0,0,0
Christensenellaceae_R-7_group,uncultured_archaeon,0.999834011,Christensenellaceae_R-7_group,Genus,0.001561749,0,0,0,0,0,0
Chryseobacterium,Unassigned,0.999994788,Chryseobacterium,Genus,0.010932244,0.000213174,0,0.000192369,0,0.000203818,0.000157704
Citricoccus,Unassigned,0.907859518,Citricoccus,Genus,0,0,0,0,0,0,0
Cloacimonadaceae,uncultured_bacterium,0.999797777,Cloacimonadaceae,Genus,0.042407496,0,0,0,0.000502008,0.000203818,0
Clostridioides,Clostridioides_difficile,0.824392566,Clostridioides_difficile,Species,0,0,0,0,0,0,0
Clostridium_sensu_stricto_1,Clostridium_butyricum,0.94730562,Clostridium_butyricum,Species,0,0.134655013,0.108280255,0.128630971,0.049196787,0.024118486,0.036114178
Clostridium_sensu_stricto_1,Clostridium_butyricum,0.923780217,Clostridium_butyricum,Species,0,0.259930363,0.198112762,0.228727156,0.104130809,0.051837761,0.069074279
Clostridium_sensu_stricto_1,Clostridium_butyricum,0.940232991,Clostridium_butyricum,Species,0,0.008171676,0.004104742,0.005129849,0,0,0
Clostridium_sensu_stricto_1,Clostridium_butyricum,0.772931611,Clostridium_butyricum,Species,0,0.00582676,0.004576551,0.006284065,0,0,0
Clostridium_sensu_stricto_12,Clostridium_drakei,0.943412814,Clostridium_drakei,Species,0,0,0.011370606,0.013594101,0,0.004076364,0.003469484
Clostridium_sensu_stricto_12,Clostridium_luticellarii,0.987252412,Clostridium_luticellarii,Species,0,0,0,0,0,0,0
Clostridium_sensu_stricto_19,Clostridium_oryzae,0.889659618,Clostridium_oryzae,Species,0,0,0,0,0,0,0
Clostridium_sensu_stricto_1,Clostridium_perfringens,0.943756309,Clostridium_perfringens,Species,0,0,0,0,0,0,0
Clostridium_sensu_stricto_1,Unassigned,0.999906954,Clostridium_sensu_stricto_1,Genus,0,0.056846444,0.011653692,0.007951266,0.28141136,0.179835587,0.2818956
Clostridium_sensu_stricto_1,Unassigned,0.999682633,Clostridium_sensu_stricto_1,Genus,0,0.019114617,0.014814815,0.018146842,0.005450373,0.004008424,0.003863744
Clostridium_sensu_stricto_1,Unassigned,0.999904554,Clostridium_sensu_stricto_1,Genus,0,0,0,0,0,0.006114546,0.007727488
Clostridium_sensu_stricto_1,Unassigned,0.999656872,Clostridium_sensu_stricto_1,Genus,0,0,0,0,0,0.004687818,0
Clostridium_sensu_stricto_1,Unassigned,0.999829886,Clostridium_sensu_stricto_1,Genus,0,0,0,0,0,0,0
Clostridium_sensu_stricto_1,Unassigned,0.999280654,Clostridium_sensu_stricto_1,Genus,0,0,0,0,0,0,0
Clostridium_sensu_stricto_1,Unassigned,0.998397929,Clostridium_sensu_stricto_1,Genus,0,0,0,0,0,0,0
Clostridium_sensu_stricto_1,uncultured_Clostridia,0.909910235,Clostridium_sensu_stricto_1,Genus,0,0,0,0,0,0,0
Clostridium_sensu_stricto_1,Unassigned,0.999856871,Clostridium_sensu_stricto_1,Genus,0,0,0,0,0,0,0
Clostridium_sensu_stricto_1,uncultured_Clostridium,0.710740208,Clostridium_sensu_stricto_1,Genus,0,0,0,0,0,0,0
Clostridium_sensu_stricto_1,Unassigned,0.99812099,Clostridium_sensu_stricto_1,Genus,0,0,0,0,0,0,0
Clostridium_sensu_stricto_1,uncultured_Clostridium,0.9208369,Clostridium_sensu_stricto_1,Genus,0,0,0,0,0,0,0
Clostridium_sensu_stricto_11,Unassigned,0.999928392,Clostridium_sensu_stricto_11,Genus,0,0.000781639,0,0,0,0.008424485,0.008516007
Clostridium_sensu_stricto_11,Unassigned,0.999736646,Clostridium_sensu_stricto_11,Genus,0,0,0,0,0,0,0
Clostridium_sensu_stricto_11,Unassigned,0.995503345,Clostridium_sensu_stricto_11,Genus,0,0,0,0,0,0,0
Clostridium_sensu_stricto_12,Unassigned,0.939297542,Clostridium_sensu_stricto_12,Genus,0,0,0,0.01564604,0,0,0
Clostridium_sensu_stricto_12,Unassigned,0.998244512,Clostridium_sensu_stricto_12,Genus,0,0,0,0,0,0,0
Clostridium_sensu_stricto_12,Unassigned,0.999977873,Clostridium_sensu_stricto_12,Genus,0,0,0,0,0,0.002174061,0.005204226
Clostridium_sensu_stricto_12,uncultured_bacterium,0.786663894,Clostridium_sensu_stricto_12,Genus,0,0,0.004151923,0.01667201,0,0,0
Clostridium_sensu_stricto_12,Unassigned,0.928551294,Clostridium_sensu_stricto_12,Genus,0,0,0,0,0,0.001562606,0
Clostridium_sensu_stricto_12,uncultured_bacterium,0.919607972,Clostridium_sensu_stricto_12,Genus,0,0,0,0,0,0,0
Clostridium_sensu_stricto_13,Unassigned,0.989176139,Clostridium_sensu_stricto_13,Genus,0.006727535,0,0,0.000320616,0,0,0
Clostridium_sensu_stricto_5,uncultured_bacterium,0.878389573,Clostridium_sensu_stricto_5,Genus,0.038683325,0,0.000424628,0.001923693,0.001290878,0.001019091,0.001813594
Clostridium_sensu_stricto_11,Clostridium_sp.,0.998626935,Clostridium_sp.,Species,0.000720807,0.112698074,0.008445388,0.001474832,0.120195066,0.089612066,0.160463649
Clostridium_sensu_stricto_11,Clostridium_sp.,0.994861948,Clostridium_sp.,Species,0,0,0,0,0.018287435,0.010802364,0.017189718
Clostridium_sensu_stricto_11,Clostridium_sp.,0.99640104,Clostridium_sp.,Species,0,0,0,0,0.016207688,0.010055031,0.017662829
Clostridium_sensu_stricto_12,Clostridium_sp.,0.873858867,Clostridium_sp.,Species,0,0,0,0,0,0,0
Clostridium_sensu_stricto_5,Clostridium_sp.,0.874346236,Clostridium_sp.,Species,0,0,0,0,0.003944349,0.002513758,0.005835042
Unassigned,Unassigned,0.999986238,Comamonadaceae,Family,0,0,0,0,0,0,0
Unassigned,Unassigned,0.999995573,Comamonadaceae,Family,0,0,0,0,0,0,0
Unassigned,Unassigned,0.999999939,Comamonadaceae,Family,0,0,0,0,0,0,0
Comamonas,Unassigned,0.919597262,Comamonas,Genus,0,0,0,0,0,0,0
Corynebacterium,Unassigned,0.999625542,Corynebacterium,Genus,0,0,0,0,0,0,0
Corynebacterium,Corynebacterium_marinum,0.94608,Corynebacterium_marinum,Species,0,0,0,0,0,0,0
Desulfatiglans,Unassigned,0.999998292,Desulfatiglans,Genus,0.001441615,0,0,0,0,0,0
Devosia,Unassigned,0.989054073,Devosia,Genus,0,0,0,0,0,0,0
Devosia,Unassigned,0.932278797,Devosia,Genus,0,0,0,0,0,0,0
Dialister,Unassigned,0.99971148,Dialister,Genus,0,0,0.005095541,0.006284065,0.000430293,0.037026972,0.019712979
Dialister,uncultured_bacterium,0.702124599,Dialister,Genus,0,0,0.002075961,0,0,0.008764182,0.003627188
Dietzia,Unassigned,0.999823911,Dietzia,Genus,0,0,0,0,0,0,0
DNF00809,uncultured_bacterium,0.996664257,DNF00809,Genus,0,0,0,0,0,0,0
Dysgonomonas,Unassigned,1,Dysgonomonas,Genus,0,0.000497406,0,0,0,0,0
Elizabethkingia,Unassigned,0.999992235,Elizabethkingia,Genus,0,0,0,0,0,0,0
Unassigned,Unassigned,0.999992453,Enterobacterales,Order,0,0.041213672,0.022646851,0.019236935,0.071715433,0.007813031,0.007017821
Unassigned,Unassigned,0.922859283,Enterobacteriaceae,Family,0.001201346,0.342002416,0.213871196,0.248220584,0.238740677,0.041103336,0.034064028
Unassigned,Unassigned,0.899188512,Enterobacteriaceae,Family,0,0.003055496,0.001887238,0.002244309,0,0,0
Enterococcus,Unassigned,0.996427603,Enterococcus,Genus,0,0,0,0,0,0,0
Enterococcus,Unassigned,0.992453701,Enterococcus,Genus,0,0,0,0,0,0,0
Enterococcus,Unassigned,0.892619461,Enterococcus,Genus,0,0,0,0,0,0,0
Escherichia-Shigella,Unassigned,0.990762692,Escherichia-Shigella,Genus,0,0.007390038,0.011748054,0.014491824,0.035786001,0.021129153,0.006623561
Exilispira,uncultured_bacterium,0.999997864,Exilispira,Genus,0.002042287,0,0,0.000128246,0,0,0
Family_XIII_AD3011_group,uncultured_rumen,0.979029857,Family_XIII_AD3011_group,Genus,0,0,0,0,0,0,0
FCPU426,uncultured_bacterium,0.999622975,FCPU426,Genus,0.00264296,0,0.0000944,0.000256492,0,0,0
Fermentibacteraceae,metagenome,0.995769809,Fermentibacteraceae,Genus,0.008289284,0,0,0,0,0,0
Fermentibacteraceae,uncultured_bacterium,0.999975406,Fermentibacteraceae,Genus,0.027390678,0,0,0.000641231,0,0,0
Fermentibacteraceae,uncultured_bacterium,0.999983622,Fermentibacteraceae,Genus,0,0,0,0,0,0,0
Unassigned,Unassigned,0.999894692,Firmicutes,Phylum,0,0,0,0.001346585,0,0,0.004021448
Stenotrophomonas,Flavobacterium_sp.,0.876905858,Flavobacterium_sp.,Species,0,0,0,0,0,0,0
FW113,uncultured_organism,0.991952071,FW113,Genus,0.001441615,0,0,0,0,0,0
Unassigned,Unassigned,0.999999232,Geobacteraceae,Family,0.020903412,0,0,0,0.000860585,0,0
uncultured,Unassigned,0.821606495,Geobacteraceae,Family,0.02534839,0.000568464,0,0,0,0,0
Unassigned,Unassigned,0.999996599,Geobacteraceae,Family,0.004805382,0,0,0,0,0,0
Unassigned,Unassigned,0.99994224,Geobacteraceae,Family,0,0,0,0,0,0,0
Georgenia,Unassigned,0.999513259,Georgenia,Genus,0,0,0,0,0,0,0
GWE2-31-10,uncultured_gamma,0.716818057,GWE2-31-10,Genus,0.001802018,0,0,0,0,0,0
Clostridium_sensu_stricto_1,human_gut,0.7136405,human_gut,Species,0,0,0,0,0,0,0
Hydrogenophaga,Unassigned,0.953293898,Hydrogenophaga,Genus,0,0,0,0,0,0,0
Incertae_Sedis,Unassigned,0.83809997,Incertae_Sedis,Genus,0,0,0,0,0,0,0
Unassigned,Unassigned,0.996993937,Intrasporangiaceae,Family,0,0,0,0,0,0,0
Christensenellaceae_R-7_group,iron-reducing_bacterium,0.996119786,iron-reducing_bacterium,Species,0.001561749,0,0,0.000128246,0,0,0
JG30-KF-CM45,uncultured_bacterium,0.980673015,JG30-KF-CM45,Genus,0,0,0,0,0,0,0
JG30-KF-CM45,uncultured_bacterium,0.999513145,JG30-KF-CM45,Genus,0,0,0,0,0,0,0
JG30-KF-CM45,uncultured_Thermomicrobia,0.862589233,JG30-KF-CM45,Genus,0,0,0,0,0,0,0
JG30-KF-CM45,uncultured_bacterium,0.994299129,JG30-KF-CM45,Genus,0,0,0,0,0,0,0
JGI-0000079-D21,uncultured_bacterium,0.90055197,JGI-0000079-D21,Genus,0.001681884,0,0,0,0,0,0
KCLunmb-38-53,uncultured_bacterium,0.999999735,KCLunmb-38-53,Genus,0,0,0,0,0,0,0
Kocuria,Unassigned,0.971577053,Kocuria,Genus,0,0,0,0,0,0,0
Kurthia,Kurthia_sp.,0.739406807,Kurthia_sp.,Species,0,0,0,0,0,0,0
Lachnospira,uncultured_bacterium,0.997905457,Lachnospira,Genus,0,0,0,0,0,0,0
Lachnospira,uncultured_Lachnospiraceae,0.997344299,Lachnospira,Genus,0,0,0,0,0,0,0
Unassigned,Unassigned,0.999999752,Lachnospiraceae,Family,0,0,0,0,0,0,0
Unassigned,Unassigned,0.999999332,Lachnospiraceae,Family,0,0,0,0,0,0,0
Unassigned,Unassigned,0.981499639,Lachnospiraceae,Family,0,0,0,0,0,0,0
Unassigned,Unassigned,0.999999742,Lachnospiraceae,Family,0,0,0,0,0,0,0
Unassigned,Unassigned,0.999988676,Lachnospiraceae,Family,0,0,0,0,0,0,0
Unassigned,Unassigned,0.999997645,Lachnospiraceae,Family,0,0,0,0,0,0,0
Lachnospiraceae_NK3A20_group,Unassigned,0.999961706,Lachnospiraceae_NK3A20_group,Genus,0,0,0,0,0,0,0
Lachnospiraceae_UCG-007,uncultured_Firmicutes,0.983275005,Lachnospiraceae_UCG-007,Genus,0,0,0,0,0,0,0
Unassigned,Unassigned,0.999999897,Lactobacillaceae,Family,0,0,0,0,0,0,0
Lactobacillus,Unassigned,0.984909303,Lactobacillus,Genus,0,0,0,0,0,0,0
Lactobacillus,Unassigned,0.999301557,Lactobacillus,Genus,0,0,0,0,0,0,0
Lactobacillus,Unassigned,0.981045751,Lactobacillus,Genus,0,0,0,0,0,0,0
Lactobacillus,Unassigned,1,Lactobacillus,Genus,0,0,0,0,0,0,0
Lactobacillus,Unassigned,0.999974841,Lactobacillus,Genus,0,0,0,0,0,0,0
Lactobacillus,Unassigned,0.999494463,Lactobacillus,Genus,0,0,0,0,0,0,0
Lactobacillus,Unassigned,0.994677394,Lactobacillus,Genus,0,0,0,0,0,0,0
Lactobacillus,Unassigned,0.990192533,Lactobacillus,Genus,0,0,0,0,0,0,0
Lactobacillus,Unassigned,0.999744446,Lactobacillus,Genus,0,0,0,0,0,0,0
Lactobacillus,Unassigned,0.999858228,Lactobacillus,Genus,0,0,0,0,0,0,0
Lactobacillus,Unassigned,0.999994902,Lactobacillus,Genus,0,0,0,0,0,0,0
Lactobacillus,Lactobacillus_agilis,0.99937445,Lactobacillus_agilis,Species,0,0,0,0,0,0,0
Lactobacillus,Lactobacillus_bifermentans,0.910223259,Lactobacillus_bifermentans,Species,0,0,0,0,0,0,0
Lactobacillus,Lactobacillus_brevis,0.950204257,Lactobacillus_brevis,Species,0,0,0,0,0,0,0
Lactobacillus,Lactobacillus_brevis,0.822646524,Lactobacillus_brevis,Species,0,0,0,0,0,0,0
Lactobacillus,Lactobacillus_coryniformis,0.988164704,Lactobacillus_coryniformis,Species,0,0,0,0,0,0,0
Lactobacillus,Lactobacillus_coryniformis,0.989673214,Lactobacillus_coryniformis,Species,0,0,0,0,0,0,0
Lactobacillus,Lactobacillus_coryniformis,0.988964991,Lactobacillus_coryniformis,Species,0,0,0,0,0,0,0
Lactobacillus,Lactobacillus_delbrueckii,0.978730948,Lactobacillus_delbrueckii,Species,0,0,0.000377448,0,0,0,0
Lactobacillus,Lactobacillus_delbrueckii,0.960469695,Lactobacillus_delbrueckii,Species,0,0,0,0,0,0,0
Lactobacillus,Lactobacillus_dextrinicus,0.952743242,Lactobacillus_dextrinicus,Species,0,0,0,0,0,0,0
Lactobacillus,Lactobacillus_fermentum,0.983273507,Lactobacillus_fermentum,Species,0,0,0,0,0,0,0
Lactobacillus,Lactobacillus_mucosae,0.994548094,Lactobacillus_mucosae,Species,0,0,0,0,0,0,0
Lactobacillus,Lactobacillus_rossiae,0.995573821,Lactobacillus_rossiae,Species,0,0,0,0,0,0,0
Lactobacillus,Lactobacillus_ruminis,0.924508374,Lactobacillus_ruminis,Species,0,0,0,0,0,0,0
Lactococcus,Lactococcus_lactis,0.736224803,Lactococcus_lactis,Species,0,0,0,0,0,0,0
Latescibacterota,uncultured_organism,0.977831758,Latescibacterota,Genus,0.004925517,0,0,0,0,0,0
Lentimicrobium,Unassigned,0.999999681,Lentimicrobium,Genus,0.000720807,0,0,0,0,0,0
Leuconostoc,Unassigned,0.99999759,Leuconostoc,Genus,0,0,0,0,0,0,0
Leuconostoc,Unassigned,0.999999995,Leuconostoc,Genus,0,0,0,0.000256492,0.000430293,0,0
Leuconostoc,Unassigned,0.999999978,Leuconostoc,Genus,0,0,0,0,0,0,0
Leuconostoc,Unassigned,0.9999999,Leuconostoc,Genus,0,0,0,0,0,0,0
Leuconostoc,Unassigned,0.999999937,Leuconostoc,Genus,0,0,0,0,0,0,0
Leuconostoc,Leuconostoc_gelidum,0.808945436,Leuconostoc_gelidum,Species,0,0,0,0,0,0,0
Leuconostoc,Leuconostoc_mesenteroides,0.730682378,Leuconostoc_mesenteroides,Species,0,0,0,0,0,0,0
Luteimonas,Unassigned,0.920365758,Luteimonas,Genus,0,0,0,0,0,0,0
Lysinibacillus,Unassigned,0.719688165,Lysinibacillus,Genus,0,0,0,0,0,0,0
Lysinibacillus,Unassigned,0.927136974,Lysinibacillus,Genus,0,0,0,0,0,0,0
M2PT2-76_termite_group,uncultured_bacterium,0.961822115,M2PT2-76_termite_group,Genus,0.001922153,0,0,0,0,0,0
Megasphaera,Unassigned,0.999999973,Megasphaera,Genus,0,0,0,0,0,0,0
Megasphaera,uncultured_bacterium,0.985505632,Megasphaera,Genus,0,0,0,0,0,0,0
Megasphaera,Megasphaera_sueciensis,0.731726368,Megasphaera_sueciensis,Species,0,0,0.002406228,0.006348189,0,0.000679394,0.001025075
Mesotoga,uncultured_bacterium,0.984926926,Mesotoga,Genus,0.004324844,0,0,0.000256492,0,0,0
Methanobacterium,Unassigned,0.999999853,Methanobacterium,Genus,0.104396925,0,0.001037981,0.005899327,0.004876649,0.002174061,0.005046523
Methanobacterium,Unassigned,0.99999954,Methanobacterium,Genus,0.089259971,0.0022028,0,0.006091696,0.005091796,0,0.0041003
Methanobacterium,uncultured_archaeon,0.732440642,Methanobacterium,Genus,0.032676598,0.000923755,0,0.001795447,0.001004016,0,0.001103927
Methanobacterium,Unassigned,0.999999958,Methanobacterium,Genus,0.01741951,0,0,0.001346585,0.001434309,0,0.000236556
Methanobacterium,Unassigned,0.999999301,Methanobacterium,Genus,0,0,0,0,0,0,0
Methanobacterium,Methanobacterium_congolense,0.803315442,Methanobacterium_congolense,Species,0,0,0,0.003334402,0,0,0
Methanobrevibacter,Unassigned,0.999628571,Methanobrevibacter,Genus,0,0,0,0,0,0,0
Methanobrevibacter,Unassigned,0.999363742,Methanobrevibacter,Genus,0,0,0,0,0,0,0
Methanobrevibacter,Unassigned,0.999841852,Methanobrevibacter,Genus,0,0,0,0,0,0,0
Methanofastidiosales,uncultured_archaeon,0.958143662,Methanofastidiosales,Genus,0,0,0,0,0,0,0
Methanolinea,Unassigned,0.999997684,Methanolinea,Genus,0.004685247,0,0,0.00102597,0.000215146,0,0
Methanosaeta,Unassigned,0.999968814,Methanosaeta,Genus,0.032075925,0,0.000283086,0,0.000143431,0,0.000630815
Methanosaeta,Unassigned,0.977803257,Methanosaeta,Genus,0,0,0,0,0,0,0
Methanosaeta,Methanosaeta_harundinacea,0.983266706,Methanosaeta_harundinacea,Species,0,0,0,0,0,0,0
Methanosphaera,Unassigned,0.999999964,Methanosphaera,Genus,0,0,0,0,0,0,0
Mitsuokella,uncultured_bacterium,0.780823797,Mitsuokella,Genus,0.000360404,0,0,0,0.00910786,0.10041443,0.0185302
Mitsuokella,uncultured_bacterium,0.732810408,Mitsuokella,Genus,0,0,0,0,0.008247275,0.068958489,0.012616307
Mitsuokella,uncultured_bacterium,0.879627519,Mitsuokella,Genus,0,0,0,0,0,0.025816971,0
Mitsuokella,uncultured_bacterium,0.737766153,Mitsuokella,Genus,0,0,0,0,0,0,0
mle1-8,uncultured_bacterium,0.999980894,mle1-8,Genus,0.000961076,0,0,0,0,0,0
mle1-8,uncultured_bacterium,0.998084967,mle1-8,Genus,0.000480538,0,0,0,0.000215146,0,0
Mogibacterium,uncultured_rumen,0.961650803,Mogibacterium,Genus,0,0,0,0,0,0,0
Mogibacterium,uncultured_Enterococcus,0.909565298,Mogibacterium,Genus,0,0,0,0,0,0,0
Monoglobus,uncultured_bacterium,0.898218315,Monoglobus,Genus,0,0,0.001604152,0.000577108,0,0,0
NK4A214_group,uncultured_Firmicutes,0.857929588,NK4A214_group,Genus,0,0,0,0,0,0,0
NKB15,uncultured_bacterium,0.906806399,NKB15,Genus,0.000720807,0,0,0,0,0,0
Olsenella,Unassigned,0.999981217,Olsenella,Genus,0,0,0,0,0,0,0
Olsenella,uncultured_bacterium,0.742219894,Olsenella,Genus,0,0,0,0,0,0,0
Olsenella,uncultured_bacterium,0.954579637,Olsenella,Genus,0,0,0,0.000384739,0,0.00115497,0.001182779
Olsenella,uncultured_Olsenella,0.955021894,Olsenella,Genus,0,0,0,0,0,0,0
Ornithinimicrobium,Unassigned,0.974234974,Ornithinimicrobium,Genus,0,0,0,0,0,0,0
Oscillibacter,Unassigned,0.986954814,Oscillibacter,Genus,0,0,0,0,0,0,0
Oscillibacter,uncultured_bacterium,0.912661118,Oscillibacter,Genus,0,0,0.004104742,0.001218339,0,0,0.000315408
Oscillibacter,uncultured_Clostridiales,0.76095137,Oscillibacter,Genus,0,0,0,0.001731324,0,0,0
Oscillibacter,uncultured_bacterium,0.880590094,Oscillibacter,Genus,0,0,0,0,0,0,0
Unassigned,Unassigned,0.999978689,Oscillospiraceae,Family,0,0,0,0,0,0,0
Unassigned,Unassigned,0.999342341,Oscillospiraceae,Family,0,0,0,0.001410709,0,0,0
Paeniclostridium,uncultured_bacterium,0.778964224,Paeniclostridium,Genus,0,0,0,0,0,0,0
Paludibacter,uncultured_bacterium,0.99737103,Paludibacter,Genus,0,0,0,0,0,0,0
Paracoccus,Unassigned,0.961048013,Paracoccus,Genus,0,0,0,0,0,0,0
Paracoccus,Paracoccus_alcaliphilus,0.856674535,Paracoccus_alcaliphilus,Species,0,0,0,0,0,0,0
Pediococcus,Unassigned,0.920700785,Pediococcus,Genus,0,0,0,0,0,0,0
Pediococcus,uncultured_bacterium,0.700965195,Pediococcus,Genus,0,0,0,0,0,0,0
Pediococcus,Unassigned,0.998851854,Pediococcus,Genus,0,0,0,0,0,0,0
Pedosphaeraceae,Unassigned,0.991129358,Pedosphaeraceae,Genus,0.000600673,0,0,0,0,0,0
Pelolinea,Unassigned,0.999990066,Pelolinea,Genus,0,0,0,0,0,0,0
Peptostreptococcus,uncultured_bacterium,0.995015104,Peptostreptococcus,Genus,0,0,0,0,0,0,0
Petrimonas,Unassigned,0.999827657,Petrimonas,Genus,0,0,0,0,0,0,0
Pir4_lineage,Unassigned,0.797843917,Pir4_lineage,Genus,0.000840942,0,0,0,0.000143431,0,0
uncultured,Unassigned,0.9997146,Pirellulaceae,Family,0.000480538,0,0,0,0,0,0
Unassigned,Unassigned,0.997201604,Planococcaceae,Family,0,0,0,0,0,0,0
Unassigned,Unassigned,0.971605407,Planococcaceae,Family,0,0,0,0,0,0,0
Prevotella,Unassigned,0.975414157,Prevotella,Genus,0,0,0,0,0,0,0
Prevotella,Unassigned,0.983631883,Prevotella,Genus,0,0,0.031092239,0.036934915,0,0.149330797,0.137517742
Prevotella,uncultured_bacterium,0.962875779,Prevotella,Genus,0,0,0.00353857,0.004424495,0,0,0
Prevotella,Unassigned,0.987260651,Prevotella,Genus,0,0,0.01660769,0.010131452,0,0.101025885,0.092651001
Prevotella,uncultured_bacterium,0.969121581,Prevotella,Genus,0,0,0.018825195,0.016543764,0,0,0
Prevotella,uncultured_bacterium,0.825155294,Prevotella,Genus,0,0,0,0,0,0,0
Prevotella,Unassigned,0.977844586,Prevotella,Genus,0,0,0,0,0,0,0
Prevotella,uncultured_bacterium,0.978221091,Prevotella,Genus,0,0,0,0,0,0,0
Prevotella,Unassigned,0.979981837,Prevotella,Genus,0,0,0.005803255,0.003334402,0,0,0
Prevotella,uncultured_Prevotella,0.998534077,Prevotella,Genus,0,0,0.00250059,0.00307791,0,0.008696243,0.009541082
Prevotella,Unassigned,0.977222194,Prevotella,Genus,0,0,0.006841236,0.004232126,0,0,0
Prevotella,Unassigned,0.864728892,Prevotella,Genus,0,0,0,0,0,0,0
Prevotella,Unassigned,0.93553966,Prevotella,Genus,0,0,0,0,0,0,0
Prevotella,Prevotella_albensis,0.94027977,Prevotella_albensis,Species,0,0,0,0,0,0,0
Prevotella,Prevotella_albensis,0.940676549,Prevotella_albensis,Species,0,0,0,0,0,0,0
Prevotella,Prevotella_paludivivens,0.844220419,Prevotella_paludivivens,Species,0.000600673,0.001918567,0.231705591,0.099326707,0.00502008,0.009307698,0.003469484
Prevotella,Prevotella_paludivivens,0.86635977,Prevotella_paludivivens,Species,0,0,0,0,0,0,0
Prevotella,Prevotella_paludivivens,0.846357582,Prevotella_paludivivens,Species,0,0,0,0,0,0,0
Prevotella,Prevotella_paludivivens,0.878190352,Prevotella_paludivivens,Species,0,0,0.010993159,0.006348189,0,0.001834364,0
Prevotella,Prevotella_paludivivens,0.871732936,Prevotella_paludivivens,Species,0,0,0.011748054,0.003655018,0,0,0
uncultured,uncultured_bacterium,0.957286955,Prevotellaceae,Family,0,0,0.007313046,0.007374158,0,0,0
Prevotellaceae_UCG-004,uncultured_bacterium,0.999996043,Prevotellaceae_UCG-004,Genus,0,0,0,0,0,0,0
Prevotellaceae_YAB2003_group,uncultured_rumen,0.877672048,Prevotellaceae_YAB2003_group,Genus,0,0,0,0,0,0,0
Propionispira,Propionispira_arcuata,0.992995922,Propionispira_arcuata,Species,0,0,0,0,0,0,0
uncultured,Unassigned,1,Proteinivoracales,Order,0.000961076,0,0,0,0,0,0
Pseudarcobacter,uncultured_bacterium,0.707349643,Pseudarcobacter,Genus,0.000720807,0,0,0,0,0,0
Pseudomonas,Unassigned,0.997415949,Pseudomonas,Genus,0.012734262,0,0,0,0,0,0
Pseudomonas,Unassigned,0.996076487,Pseudomonas,Genus,0,0,0,0,0,0,0
Pseudomonas,Unassigned,0.999604378,Pseudomonas,Genus,0,0,0,0,0,0,0
Pseudomonas,Unassigned,0.999989753,Pseudomonas,Genus,0,0,0,0,0,0,0
Pseudomonas,Unassigned,0.975773881,Pseudomonas,Genus,0,0,0,0,0,0,0
Pseudomonas,uncultured_compost,0.990929671,Pseudomonas,Genus,0,0,0,0,0,0,0
Pseudoramibacter,Unassigned,0.999980746,Pseudoramibacter,Genus,0,0,0,0,0,0,0
Pseudoxanthomonas,Unassigned,0.967709018,Pseudoxanthomonas,Genus,0,0,0,0,0,0,0
Pusillimonas,Unassigned,0.909112007,Pusillimonas,Genus,0,0,0,0,0,0,0
Pusillimonas,Unassigned,0.957974243,Pusillimonas,Genus,0,0,0,0,0,0,0
RBG-16-49-21,uncultured_bacterium,0.715062644,RBG-16-49-21,Genus,0.000961076,0,0.000141543,0,0,0,0
RBG-16-49-21,uncultured_soil,0.886513721,RBG-16-49-21,Genus,0.001081211,0,0,0,0,0,0
Unassigned,Unassigned,0.999968658,Rhodobacteraceae,Family,0,0,0,0,0,0,0
Unassigned,Unassigned,0.999940935,Rhodobacteraceae,Family,0,0,0,0,0,0,0
Rhodococcus,Unassigned,0.999944404,Rhodococcus,Genus,0,0,0,0,0,0,0
Rhodococcus,Rhodococcus_rhodochrous,0.703368804,Rhodococcus_rhodochrous,Species,0,0,0,0,0,0,0
Unassigned,Unassigned,0.999408948,Rhodocyclaceae,Family,0,0,0,0,0,0,0
Romboutsia,Unassigned,0.975561597,Romboutsia,Genus,0,0,0,0,0,0,0
Romboutsia,Unassigned,0.995836579,Romboutsia,Genus,0,0,0,0,0,0,0
Roseburia,Unassigned,0.919813111,Roseburia,Genus,0,0,0,0,0,0,0
Roseburia,Unassigned,0.847729623,Roseburia,Genus,0,0,0,0,0,0,0
Roseimaritima,Unassigned,0.850372838,Roseimaritima,Genus,0,0,0,0,0,0,0
uncultured,Unassigned,0.992556474,Ruminococcaceae,Family,0,0,0.001085162,0.003719141,0,0,0
Caproiciproducens,Ruminococcaceae_bacterium,0.750867177,Ruminococcaceae_bacterium,Species,0,0,0,0,0,0,0
Caproiciproducens,Ruminococcaceae_bacterium,0.931528147,Ruminococcaceae_bacterium,Species,0,0,0,0,0,0,0
Rummeliibacillus,Unassigned,0.992690186,Rummeliibacillus,Genus,0.000360404,0,0,0.000961847,0,0,0
Saccharomonospora,Saccharomonospora_sp.,0.80981871,Saccharomonospora_sp.,Species,0,0,0,0,0,0,0
SAR324_clade(Marine_group_B),uncultured_Desulfobulbaceae,0.996136345,SAR324_clade(Marine_group_B),Genus,0.002883229,0.000213174,0,0,0,0,0
SBR1031,Unassigned,0.999999969,SBR1031,Genus,0.00132148,0,0,0,0,0,0
SBR1031,uncultured_bacterium,0.802285438,SBR1031,Genus,0.00396444,0,0,0,0,0,0
Sedimentibacter,uncultured_Sedimentibacter,0.780684883,Sedimentibacter,Genus,0.000600673,0,0,0,0,0,0
Sedimentibacter,Unassigned,0.999999824,Sedimentibacter,Genus,0,0,0,0,0,0,0
Sedimentibacter,Unassigned,0.999993748,Sedimentibacter,Genus,0,0,0,0,0,0,0
Sedimentibacter,Unassigned,0.999999917,Sedimentibacter,Genus,0,0,0,0,0,0,0
Sedimentibacter,uncultured_Peptostreptococcaceae,0.844096292,Sedimentibacter,Genus,0,0,0,0,0,0,0
Sedimentibacter,uncultured_bacterium,0.870227022,Sedimentibacter,Genus,0,0,0,0,0,0,0
Unassigned,Unassigned,0.999999896,Selenomonadaceae,Family,0,0,0,0,0,0.00230994,0.001182779
Unassigned,Unassigned,0.999999823,Selenomonadaceae,Family,0,0,0,0,0,0,0
Selenomonas,Unassigned,0.999827759,Selenomonas,Genus,0,0,0,0,0,0,0
Selenomonas,Unassigned,0.814719434,Selenomonas,Genus,0,0,0.003161123,0.005386342,0,0,0
Selenomonas,Selenomonas_lacticifex,0.992231972,Selenomonas_lacticifex,Species,0,0.000426348,0.000849257,0.000577108,0.010757315,0.004687818,0.007727488
SG8-4,Unassigned,0.999999999,SG8-4,Genus,0.001081211,0,0,0,0,0,0
SJA-28,uncultured_bacterium,0.999142236,SJA-28,Genus,0.001201346,0,0,0,0,0,0
Smithella,Unassigned,0.970774364,Smithella,Genus,0.002042287,0,0,0,0,0,0
Smithella,Unassigned,0.998559508,Smithella,Genus,0.002042287,0,0,0,0,0,0
Smithella,Unassigned,0.998678246,Smithella,Genus,0.001802018,0,0,0,0,0,0
Smithella,uncultured_bacterium,0.747840699,Smithella,Genus,0,0,0,0,0,0,0
SN8,uncultured_Xanthomonas,0.740447028,SN8,Genus,0.00949063,0,0.002075961,0.004232126,0,0.000135879,0.000630815
Solibacillus,Unassigned,0.835234662,Solibacillus,Genus,0,0,0,0,0,0,0
Solobacterium,uncultured_bacterium,0.99685243,Solobacterium,Genus,0,0,0.000424628,0.000769477,0,0,0
Sphingobacterium,Unassigned,1,Sphingobacterium,Genus,0.002042287,0,0,0,0,0,0
Sphingobacterium,Sphingobacterium_alimentarium,0.831376922,Sphingobacterium_alimentarium,Species,0,0,0,0,0,0,0
Spirochaeta,uncultured_soil,0.947410718,Spirochaeta,Genus,0.002162422,0,0,0,0,0,0
Spirochaeta,Unassigned,0.999196872,Spirochaeta,Genus,0.000840942,0,0,0,0,0,0
Spirochaeta,uncultured_bacterium,0.981627999,Spirochaeta,Genus,0.001441615,0,0,0,0,0,0
Spirochaeta,uncultured_bacterium,0.999862709,Spirochaeta,Genus,0.000480538,0,0,0,0,0,0.000157704
uncultured,uncultured_bacterium,0.994129804,Spirochaetaceae,Family,0.001561749,0,0,0,0,0,0
uncultured,uncultured_Treponema,0.916095156,Spirochaetaceae,Family,0.001681884,0,0,0,0,0,0
Stenotrophomonas,Unassigned,0.999999047,Stenotrophomonas,Genus,0,0,0,0,0,0,0
Stenotrophomonas,Unassigned,0.880089372,Stenotrophomonas,Genus,0,0,0,0,0,0,0
Streptococcus,Unassigned,0.999999235,Streptococcus,Genus,0,0,0,0,0,0,0
Streptococcus,Streptococcus_salivarius,0.750650331,Streptococcus_salivarius,Species,0,0,0,0,0,0,0
Streptomyces,Unassigned,0.999971569,Streptomyces,Genus,0,0,0,0,0,0,0
Succinivibrio,Unassigned,0.99999895,Succinivibrio,Genus,0,0,0,0,0,0,0
Sutterella,gut_metagenome,0.901608049,Sutterella,Genus,0,0,0.000849257,0.000448862,0,0.000339697,0.000236556
Syner-01,uncultured_bacterium,0.98206256,Syner-01,Genus,0.003243633,0,0,0,0,0,0
uncultured,uncultured_Smithella,0.844052758,Syntrophales,Order,0.021504085,0.000142116,0,0.000256492,0.000932301,0,0
Syntrophobacter,uncultured_bacterium,0.789084239,Syntrophobacter,Genus,0.043608842,0,0,0,0.00078887,0,0.000157704
Syntrophobacter,Unassigned,0.997465337,Syntrophobacter,Genus,0.046852475,0,0,0,0,0,0
Syntrophobacter,uncultured_bacterium,0.891714713,Syntrophobacter,Genus,0.015257088,0,0,0,0,0,0
Syntrophobacter,Unassigned,0.999985948,Syntrophobacter,Genus,0.002282556,0,0,0,0,0,0
Syntrophomonadaceae,uncultured_bacterium,0.999582134,Syntrophomonadaceae,Genus,0.018620855,0,0.0000944,0.000256492,0.000502008,0,0.000157704
Syntrophomonas,Unassigned,0.99999953,Syntrophomonas,Genus,0.000600673,0,0,0,0,0,0
Syntrophorhabdus,Unassigned,1,Syntrophorhabdus,Genus,0.011893321,0,0,0,0,0,0
Syntrophorhabdus,uncultured_Syntrophorhabdaceae,0.742645086,Syntrophorhabdus,Genus,0.011653051,0,0,0,0,0,0
Syntrophorhabdus,uncultured_Syntrophorhabdaceae,0.843804957,Syntrophorhabdus,Genus,0.001802018,0,0,0,0,0,0
Syntrophus,Unassigned,0.910995903,Syntrophus,Genus,0.060067275,0,0,0,0.000502008,0,0
Terrisporobacter,uncultured_bacterium,0.702020893,Terrisporobacter,Genus,0,0,0,0,0,0,0
SBR1031,toluene-degrading_methanogenic,0.9179191,toluene-degrading_methanogenic,Species,0.002282556,0,0,0,0,0,0
Treponema,metagenome,0.839183662,Treponema,Genus,0.002162422,0,0,0,0,0,0
Turicibacter,Unassigned,0.999998041,Turicibacter,Genus,0,0,0,0,0,0,0
Tuzzerella,Unassigned,0.774599171,Tuzzerella,Genus,0,0,0,0,0,0,0
UCG-002,uncultured_bacterium,0.770616876,UCG-002,Genus,0,0,0,0,0,0,0
Ureibacillus,Unassigned,0.997114099,Ureibacillus,Genus,0,0,0,0,0,0,0
ADurb.Bin063-1,Verrucomicrobia_bacterium,0.891131283,Verrucomicrobia_bacterium,Species,0.003003364,0,0,0,0.000286862,0,0
WCHB1-02,uncultured_Firmicutes,0.999999986,WCHB1-02,Genus,0.001441615,0,0,0,0,0,0
WD2101_soil_group,Unassigned,1,WD2101_soil_group,Genus,0.002162422,0,0,0,0,0,0
Unassigned,Unassigned,0.999640135,Weeksellaceae,Family,0,0,0,0,0,0,0
Weissella,Unassigned,0.999999998,Weissella,Genus,0,0,0,0,0.000430293,0,0
WS1,uncultured_bacterium,0.999982711,WS1,Genus,0.001681884,0,0,0,0,0,0
Zixibacteria,uncultured_bacterium,0.999969218,Zixibacteria,Genus,0.017299375,0,0,0.000448862,0,0,0
